fn,pid,host,thread,位sl1,位sl2,位tl1,位tl2,cv_logll,cv_logll_std,time,alpha,gen,prev_pred,prev_sd,prim_norm,dual_norm,steps,final_pred,final_sd
06.csv,162084,c460-003,"1, 2, 3, 4, 5",0.44582938358015367,0.018980347230213707,0.6825369640879136,1.2821328796892655,-0.6454336011542021,0.0024964494750922225,1201.692774285,1.4498862259087875,1,-Inf,0.0,0.03774108893435209,0.03664689840938048,1164.2,-0.6475535350843103,0.0033460723419695285
06.csv,162084,c460-003,"6, 7, 8, 9, 10",0.05609147514942187,0.04113460060323922,0.05547221100382956,0.00021175871120514712,-0.6726614012466697,0.0027414289299864335,1201.756491691,0.16491915277113176,1,-Inf,0.0,0.27449948306279126,0.04976159264873321,1144.2,-0.6460557946478067,0.0014350077668519217
06.csv,162084,c460-003,"11, 12, 13, 14, 15",0.7612783813478947,0.0028282663937715703,0.10434728234560273,2.3118316227176487,-0.6443309360279383,0.002447092589178095,1201.7865586018002,2.044157000265906,1,-Inf,0.0,0.01757568690178146,0.01776045387099371,1191.8,-0.6472829087812677,0.006150096190781382
06.csv,162084,c460-003,"16, 17, 18, 19, 20",1.2715079982605302,1.0115191472169074,0.25843258256242496,0.062032687536955726,-0.6449268567501303,0.0024750608678141524,1201.6883254172,2.8777406385474174,1,-Inf,0.0,0.0053731028591021916,0.006220567647896355,1201.2,-0.6452818849041325,0.0032139982761237407
06.csv,162084,c460-003,"21, 22, 23, 24, 25",0.026304543893359213,0.2571019810536976,2.2978327689279707,0.04412261820176824,-0.6444257414716066,0.002568951759801772,1201.7034816946,1.1094935919106115,1,-Inf,0.0,0.09285621134817637,0.4737057789985329,1131.0,-0.6483313267768005,0.0064808051186503735
06.csv,162084,c460-003,"26, 27, 28, 29, 30",1.7443613757929113,0.0001152835636782065,0.09969745581156723,0.004375137727379619,-0.6442981493736074,0.0023900982409979215,1201.4949063962,2.3350562656883627,1,-Inf,0.0,0.029799984169057138,0.08486471944631364,1186.0,-0.6462428179204925,0.004219065306023358
06.csv,162084,c460-003,"1, 2, 3, 4, 5",0.011232440009981476,0.15056187643803925,3.9536312377973593,0.0018815929893594378,-0.6443282641154364,0.0025998550632232256,1201.3072598916,1.7868505247079596,2,-0.6531563832149372,0.006869158585469804,0.07682734011322447,0.5890293095361223,1373.4,-0.6469137571091103,0.009272137426033014
06.csv,162084,c460-003,"6, 7, 8, 9, 10",0.03594458439625596,0.00013820478116104395,0.018474794850026198,4.739680900869091,-0.6504162808964367,0.00262838930880131,1201.4664147334,0.4448681213872515,2,-0.6460707170317264,0.009276612091972313,0.052074952469785385,0.1479321823890481,1358.2,-0.6462031668801936,0.009526614324103637
06.csv,162084,c460-003,"11, 12, 13, 14, 15",0.06341917396375045,0.00016430723319758772,0.030951552001567052,0.0002814075208645498,-0.7283076896957994,0.002944256705227361,1201.3888459128,0.11264200039009062,2,-0.6551430738388035,0.0087156295090302,0.07004640460344905,0.009106250554992014,1405.6,-0.6460269265395514,0.0014590821038198544
06.csv,162084,c460-003,"16, 17, 18, 19, 20",0.018163844545348258,0.0002342995393075682,0.034284969047008944,0.40915330416846263,-0.675841628546341,0.0034579389315982237,1201.4948457624,0.14526762938307652,2,-0.6463593603866016,0.009559707806821211,0.10503068432184848,0.08771658689142398,1360.4,-0.6460520839619489,0.0013636855783664028
06.csv,162084,c460-003,"21, 22, 23, 24, 25",0.3104402240515856,0.00025081385837861614,2.0972684749784607,3.6003760274062726,-0.6456850541686473,0.0025174394236410244,1201.438024496,1.153873335587036,2,-0.6463194433682725,0.008672023585165854,0.015294015174474904,0.005666144881998708,1437.4,-0.6466079241125517,0.009318378851545583
06.csv,162084,c460-003,"26, 27, 28, 29, 30",0.024564508498983097,4.224668786446575,0.06675271463513306,0.06889701923340992,-0.6424161018140587,0.0024503471106922447,1201.361971621,0.8335789571078973,2,-0.6466850802019596,0.008608090699204022,0.0018818297902232915,0.00018855111542499342,1357.0,-0.6451628554794887,0.009349705397037895
06.csv,162084,c460-003,"1, 2, 3, 4, 5",0.24648762482774791,0.0368380877336659,5.19896012376824,1.5842152473228697,-0.64633442839296,0.002558038193749009,1201.385076156,1.398627621962517,3,-0.6474252849432098,0.009872558414780049,0.0247270542624859,0.02006665830353182,1404.2,-0.6460733030911641,0.009626760703241434
06.csv,162084,c460-003,"6, 7, 8, 9, 10",0.08527374381103611,4.298520916494301,0.07060686145898323,0.00030741437806024614,-0.6424829910967628,0.0024577399052539326,1201.4432906675997,0.9169368528186869,3,-0.6465639312656083,0.01899232246337028,0.005846255013963335,0.0006449893198782258,1359.6,-0.6451973178560768,0.009389494361450286
06.csv,162084,c460-003,"11, 12, 13, 14, 15",4.8558673930326846,0.00016939887729963538,0.013551354421007135,0.2907458778072823,-0.6438151126292728,0.0023931522474040607,1201.6706439194,3.355445584546289,3,-0.6349624791960814,0.016564406099305328,0.02090171230606413,0.2647734408917238,1382.2,-0.6457538389488318,0.00955559666709133
06.csv,162084,c460-003,"16, 17, 18, 19, 20",2.919486711328048,0.00013861995475461368,0.4997243974813977,0.587408632336541,-0.6453495615152305,0.0024955447777660436,1201.4865655966,4.381832071653166,3,-0.6331527401683238,0.01338726665841827,0.0013165459525640588,0.007604286955933589,1372.0,-0.6458323952181341,0.00776676207209813
06.csv,162084,c460-003,"21, 22, 23, 24, 25",0.2934822763449254,0.11740524715132841,0.11173612911463465,0.08884568368850342,-0.6457597402089481,0.0024600854366867127,1201.515693606,0.8669221153922132,3,-0.646689947486076,0.010303476852495892,0.011301192922806205,0.003710270173227806,1361.0,-0.6463391170816162,0.0014961914262792576
06.csv,162084,c460-003,"26, 27, 28, 29, 30",1.8331833042112922,0.010486395911412507,5.044453509699589,0.009222813534520102,-0.6470422038994215,0.0024509972837734257,1013.9776768805999,3.4314179374039413,3,-0.6394932085555309,0.019273204234627677,0.0009359388145156307,0.0008471356272200644,1154.2,-0.646113398598376,0.009628189949615272
06.csv,162084,c460-003,"1, 2, 3, 4, 5",3.221248685401364,0.00032372515335017123,0.7526195608469044,0.036455362096984946,-0.6456654102223068,0.0024843130768345367,1201.9537498582,4.305226615855034,4,-0.6368980289215337,0.00668487149393976,0.0023430080297116517,0.010337951502854267,1404.6,-0.6457673977497704,0.00841890063917643
06.csv,162084,c460-003,"6, 7, 8, 9, 10",3.0280615820826995,4.89922307430088,0.743353919419834,0.002293163720670281,-0.6456170401306046,0.002482980490792404,1201.9089670875999,4.151319291024241,4,-0.6467048532984374,0.012908762372161481,0.0008702890265527315,0.00985220932704321,1374.4,-0.6457105531719333,0.009630943018017335
06.csv,162084,c460-003,"11, 12, 13, 14, 15",0.03890542182307538,0.006243597621552268,0.3331222552114527,4.175110091705574,-0.6489604548057238,0.0025828693760421165,1202.4703064379999,0.3747299814609715,4,-0.6477652074348508,0.009922803424669164,0.08214528291938847,0.12517582392128826,1329.4,-0.6464048674528209,0.009305752733839975
06.csv,162084,c460-003,"16, 17, 18, 19, 20",0.09709121125192506,3.1297700463641047,0.2634228171117358,0.002260547373800521,-0.6428919498663419,0.0024710607976196498,1202.5651119798,0.8835936945343711,4,-0.6401787228347058,0.007010632441229907,0.016988064534612428,0.0015662586416706821,1285.8,-0.6445670717632469,0.00814848590851613
06.csv,162084,c460-003,"21, 22, 23, 24, 25",3.1600679293132345,0.03016597481779234,0.017207597192413892,1.0131594591047388,-0.6440612659710585,0.002391026839509486,1202.2172222778001,3.2921352904982464,4,-0.6449726803678578,0.011068204887147364,0.013575029512973019,0.05127728938495172,1360.8,-0.6457413519487114,0.008216713694962961
06.csv,162084,c460-003,"26, 27, 28, 29, 30",2.5078101879450228,0.011279951608664603,0.02048313287960675,0.02040767004793777,-0.6440193115647243,0.0023922433268627804,1202.3171538326,2.5685618922571987,4,-0.6461506219015752,0.011585036189399923,0.04481553472521484,0.4545207701735393,1376.2,-0.6457810686170364,0.00645761297580761
06.csv,162084,c460-003,"1, 2, 3, 4, 5",4.079709454121841,0.012688973401443964,1.3619321758011262,5.4636177950888545,-0.6464313742373997,0.0024215220006126663,1201.601048641,5.098093083365703,5,-0.6446365767083088,0.008555671242633912,0.0025969574908220917,0.004507172057846909,1393.8,-0.6459199476508128,0.00963917422157135
06.csv,162084,c460-003,"6, 7, 8, 9, 10",0.05174931280332246,2.038939649023508,0.011834490940016935,3.0906002291737678,-0.6425231313873054,0.0024652152694211887,1201.7523859128,0.6262802081952645,5,-0.6449606030280565,0.012628771443338823,0.005350826452070847,0.00026597640253509696,1339.0,-0.6457991016313772,0.00873947249112528
06.csv,162084,c460-003,"11, 12, 13, 14, 15",2.601527820755764,0.06100327494655763,2.0203183187086187,0.00011627156692627585,-0.6469623955551917,0.0024575956156473403,953.438187255,4.297566070275221,5,-0.6469497942875089,0.01290358849883537,0.0001621225693367941,0.000990016817317552,1080.2,-0.6465105938756411,0.008617501067104487
06.csv,162084,c460-003,"16, 17, 18, 19, 20",0.05650319143572318,4.05851710882858,2.2009520761995787,4.467299723363711,-0.6440931591027802,0.0025248536131626392,1201.5097193272,1.5948748484996664,5,-0.6470208894630113,0.013872896095327976,0.05538365446055567,0.003958354399432493,1365.8,-0.6459005743648294,0.00963774171073967
06.csv,162084,c460-003,"21, 22, 23, 24, 25",0.5239269396964106,0.43014364830180885,2.818090773121365,0.002928402342306596,-0.6468188802525559,0.0024279953471539597,1167.5689313576,1.7218741419913066,5,-0.643005258055007,0.006542840299569821,0.001476851871143642,0.0006717366667303582,1346.4,-0.6479272981174193,0.008072642012180319
06.csv,162084,c460-003,"26, 27, 28, 29, 30",0.030037996200645952,1.9357736295533448,0.01797070946315852,0.0009370067559177023,-0.6437195019555524,0.002434377894884386,1201.5783382734,0.5693456438138768,5,-0.6449480114189643,0.007389531394550036,0.004059032172813865,0.003412799650693927,1359.0,-0.6442982824017875,0.004776006500480575
06.csv,162084,c460-003,"1, 2, 3, 4, 5",2.3458855118853856,0.4408954308124216,0.037883209534787944,0.0005450244936938732,-0.6441154858350961,0.002357259346827419,1201.7729378892,2.473429970321747,6,-0.6442304191687526,0.008683150898510123,0.03000632509677583,0.20054086612058147,1413.0,-0.6451862013061208,0.005897737703066341
06.csv,162084,c460-003,"6, 7, 8, 9, 10",3.0008274022805805,0.00040358397214329994,4.751561282309619,0.00017187513715876958,-0.6469104141276966,0.0024557925772249567,1005.8250676880001,5.098093083365703,6,-0.6492297871041592,0.011664982625741012,9.161519688502495e-5,0.0009946661660081833,1203.0,-0.6459984029883062,0.009633459695506563
06.csv,162084,c460-003,"11, 12, 13, 14, 15",0.5392655541463293,2.0984527100518324,1.3509737690109829,5.439519127797417,-0.6459881164195028,0.0024422903189009583,1202.3012841708,1.9297985666845965,6,-0.6449756593227106,0.00673130422160805,0.025518312890897378,0.011047390238408712,1402.2,-0.6459351641066906,0.009634742505508054
06.csv,162084,c460-003,"16, 17, 18, 19, 20",0.013496669877707474,2.0418182195447376,0.03873627549334674,0.009854297213321237,-0.6433478431233379,0.002442486351589263,1197.6899783238,0.5693456438138768,6,-0.6428689220743955,0.00392066456501793,0.001223572650833493,0.0003343019660652378,1380.4,-0.6442749317019816,0.005131799150464399
06.csv,162084,c460-003,"21, 22, 23, 24, 25",0.01905261870475512,3.60444966089395,1.7194479895649808,0.2340856528331915,-0.6435957660400332,0.002525707708033024,1201.9584512206,1.3180783871898067,6,-0.6433676337624716,0.005416733276895585,0.06143797437371153,0.0038689853416190045,1398.6,-0.6456289836838157,0.009199625259189085
06.csv,162084,c460-003,"26, 27, 28, 29, 30",0.01338077033512937,4.025017170872093,0.10190677036397765,0.00013297197614063884,-0.6424209796103617,0.0024529197192841093,1201.952753336,0.8335789571078973,6,-0.6427969296682032,0.006999115359854717,0.0036431551428492822,0.000258792727028146,1381.4,-0.6450349767824598,0.009224972695094747
06.csv,162084,c460-003,"1, 2, 3, 4, 5",0.06023211068989064,1.5623986770055798,0.01277513123830884,0.11946311593440823,-0.6435894087936893,0.0024453897351412617,1201.4937715184,0.5693456438138768,7,-0.6430240250913161,0.004358717384806784,0.0036649281433451183,0.00041886722914455285,1390.4,-0.6445715345779495,0.00352940556136043
06.csv,162084,c460-003,"6, 7, 8, 9, 10",0.45099779305227317,3.1348496527510488,0.01727746862838388,0.03807373765471787,-0.6430418483636684,0.0023706553341338752,1201.7748592028,1.0893209811486002,7,-0.6424386518712994,0.006041818435684391,0.017419096679209236,0.006312822636734569,1369.0,-0.6443825227701908,0.008226849907819135
06.csv,162084,c460-003,"11, 12, 13, 14, 15",0.010764133919471857,0.5448111915348646,0.4638842957140617,4.1120444788954735,-0.6439423402862495,0.0025536320186419484,1201.5864221438,0.5175869489217061,7,-0.6439038902349855,0.006330312977634231,0.05495576110843668,0.035961506800204254,1340.0,-0.6462951339058325,0.009284029260705094
06.csv,162084,c460-003,"16, 17, 18, 19, 20",0.020421838714751495,4.476241221820807,0.2014620261876553,0.37190884032180244,-0.6424627216805143,0.0024677173943426305,1201.4627686856,0.8335789571078973,7,-0.6427600161820399,0.003056507196691972,0.01184529965617463,0.0008995261666094117,1342.8,-0.6453797105101348,0.009470452555584723
06.csv,162084,c460-003,"21, 22, 23, 24, 25",0.14873154149734338,4.035714103877852,0.01383678604620954,0.0030226880638834996,-0.6427339790705254,0.0024195887601212245,1201.6005220474,0.8032669950312463,7,-0.642047708721982,0.004497102242774838,0.01766818619583353,0.012488837815307496,1280.8,-0.6450069098934926,0.009241286291013217
06.csv,162084,c460-003,"26, 27, 28, 29, 30",3.6804012817492793,0.068269816981237,0.48020128403229706,0.0019405496113675273,-0.6452056440084142,0.0024854938084560643,1201.4483304956,4.634630075787003,7,-0.6438313894518612,0.004542274490725685,0.002745472297272586,0.02111912165142761,1376.4,-0.6455717396614802,0.008929570253665357
06.csv,162084,c460-003,"1, 2, 3, 4, 5",2.2662400663444844,4.139014182061962,0.012791615747221409,5.453021263832968,-0.6444715794797423,0.0024645783975763497,1201.3061395651998,3.7606314664537654,8,-0.645372711373129,0.008022404172964558,0.008713304024366857,0.005719262277618179,1399.6,-0.6459045549360499,0.009639290662658662
06.csv,162084,c460-003,"6, 7, 8, 9, 10",1.6402377527640557,3.158349095483777,0.058561177598574904,0.0004263746520803326,-0.6441334626083643,0.002350555607659774,1201.8135349121999,1.9195473340725229,8,-0.6429094768546191,0.0032137247838099027,0.0049126750043613915,0.027138970921212625,1377.0,-0.6443890569450234,0.008709211410858245
06.csv,162084,c460-003,"11, 12, 13, 14, 15",0.4387692421391764,2.589676698332433,0.02818011539964116,4.744099288792791,-0.643577420205283,0.0024704104547389177,1201.8900623274,1.6244095679163268,8,-0.6433782251430906,0.004887399615952315,0.025148533763802227,0.00244009442630182,1331.4,-0.6459375127023158,0.009612929946573595
06.csv,162084,c460-003,"16, 17, 18, 19, 20",1.5488314786550264,0.050386241742500754,0.017226266814324067,0.048587913858718815,-0.6441654529567841,0.002339400690306849,1201.8550546236,2.0477307013153223,8,-0.6441632188525475,0.00254499885624849,0.032766842415116626,0.15209318140307077,1373.6,-0.6461772896615089,0.003554438412859473
06.csv,162084,c460-003,"21, 22, 23, 24, 25",5.242358611054837,0.00010030797766422003,0.0523422015042575,0.013510139579177346,-0.6436117064648128,0.002435963531854011,1201.767553577,3.7606314664537654,8,-0.6344261279337408,0.0034862723560376814,0.049367876370624994,0.8937819010444807,1325.2,-0.6458062527810858,0.00960539089485498
06.csv,162084,c460-003,"26, 27, 28, 29, 30",4.798210632170552,3.5773191688675663,2.2998848491756045,0.015869272006768565,-0.6468142450659116,0.00244736123796238,1174.2610544758002,5.607902391702274,8,-0.648326268890644,0.004616402507592172,7.329311087597423e-5,0.0009950515879407708,1366.6,-0.6458271902526068,0.009637644199183585
06.csv,162084,c460-003,"1, 2, 3, 4, 5",4.62518380370554,0.00017173515025126952,3.3286273705601275,0.0780955734825827,-0.646819272730137,0.0024478553268223423,1089.5925921254002,5.607902391702274,9,-0.6470158802323759,0.004099395238640703,5.760609810194838e-5,0.000996593359448354,1318.8,-0.6458885421645318,0.009632330464978515
06.csv,162084,c460-003,"6, 7, 8, 9, 10",0.37884758334869945,4.513982718854442,3.427636430395234,0.22346829093730156,-0.6464146318999983,0.002439625901915957,1201.7476661878,2.378298048386295,9,-0.6461166008831047,0.003901327348281194,0.012541547091125784,0.0013005078563453902,1408.6,-0.645895072347929,0.009629002755126466
06.csv,162084,c460-003,"11, 12, 13, 14, 15",0.08219582422905511,1.7110992455291532,2.4384553433372735,0.012384880521630004,-0.6442620829983197,0.002530744577018104,1201.8229779498001,1.4230364809845508,9,-0.6439329419928062,0.0027094695669987044,0.050267454244428,0.003749584321709613,1398.4,-0.6468461769431617,0.007738687190143466
06.csv,162084,c460-003,"16, 17, 18, 19, 20",0.19078105049248822,0.7116589128288693,0.010932054684187469,0.004547333447492617,-0.6448370535997167,0.0024286110619871613,1201.5331605406,0.688908229014791,9,-0.6450447390472002,0.0026028006959129533,0.008628071816627165,0.00938622459980009,1360.4,-0.6455297211846794,0.001276905097697351
06.csv,162084,c460-003,"21, 22, 23, 24, 25",0.08766048760403315,0.9451910467683946,0.01674125195680962,0.37586453988319823,-0.643862058414136,0.002451659296000667,1201.8817589719997,0.5175869489217061,9,-0.643513032958718,0.0019472133722010078,0.006287347580720746,0.0003948974259665635,1398.4,-0.645275007502446,0.0016645254620008423
06.csv,162084,c460-003,"26, 27, 28, 29, 30",1.2739113334590055,3.4108461643953762,4.652869193130176,0.0002892891196207924,-0.6470403242325153,0.0024455802473748677,790.4445678505999,3.4820661726423756,9,-0.6460484672652094,0.005337779458647289,0.0009172649620585978,0.000792885516071918,906.6,-0.6459172803773522,0.009634817175229132
06.csv,162084,c460-003,"1, 2, 3, 4, 5",5.570588188021619,0.0009300635043710052,0.23638594914757907,0.008567017466030561,-0.6446140483177487,0.0024512208618444786,1201.696148509,4.213300068897275,10,-0.6409435994342607,0.0028595280052501684,0.004751402412022044,0.031182490725925948,1463.2,-0.645832226442096,0.009625458090203022
06.csv,162084,c460-003,"6, 7, 8, 9, 10",0.035957853406488924,1.3256049321352152,3.754329543674968,3.7266282875944725,-0.6440359802631233,0.0025804767969295063,1201.6248471386,1.4767359708330243,10,-0.6443973711282984,0.0023975472163482205,0.07788122520688916,0.1235645747587681,1369.0,-0.6459587254492881,0.009619947103893434
06.csv,162084,c460-003,"11, 12, 13, 14, 15",2.0608852269101625,0.0001705830458399786,0.06091476582769249,3.526749340167283,-0.644587399772117,0.0024687610381109357,1201.8408328356,3.8302727899066134,10,-0.6410519561114992,0.0035753297185742465,0.006580863920142487,0.013404435581180183,1376.0,-0.6466367561601135,0.00921081342204687
06.csv,162084,c460-003,"16, 17, 18, 19, 20",0.12548005283697025,0.0857308362294168,0.051145168845560474,1.0832137310615406,-0.6468437723304964,0.002568579790622845,1201.7878127879999,0.4799442617274002,10,-0.6458530713341509,0.0026213573297793305,0.015969595366593585,0.0009243399835866419,1384.6,-0.6463807014451616,0.001907806396979546
06.csv,162084,c460-003,"21, 22, 23, 24, 25",4.593522309693056,0.001742777716568258,0.12029378347320871,0.016528209275220373,-0.6441044261076943,0.0024037750702076113,1201.6399187760003,3.690990143000918,10,-0.6425604494918027,0.00266184182919255,0.01177385853782641,0.10392557253886389,1408.8,-0.6457201431171149,0.00949128608184722
06.csv,162084,c460-003,"26, 27, 28, 29, 30",4.930845223389715,3.7960348086897406,0.8653034296691021,3.396287362700614,-0.6457139199882496,0.0024673372071780694,1201.7779586594,5.8322184873703655,10,-0.6472882477126544,0.004491027981171417,0.004895425462540852,0.017430777843165955,1401.4,-0.6458920348046318,0.009639157184851773
06.csv,162084,c460-003,"1, 2, 3, 4, 5",3.9271288020837356,0.00010205893593252486,0.460933353906772,0.011179613574610357,-0.6451551749318798,0.00248556060981369,1201.441783802,4.727322677302743,11,-0.6401165909020563,0.002097606437390263,0.002814985095473011,0.017963083786165297,1409.8,-0.6456427241149512,0.009161714306777088
06.csv,162084,c460-003,"6, 7, 8, 9, 10",0.12657675655015102,3.230751300758865,0.03924172460222007,0.5776517301566192,-0.6425472205388391,0.0024469424565380948,1201.5676636696,0.9169368528186869,11,-0.642906384757448,0.0016172187532315443,0.008236162275663265,0.000709851895732453,1351.6,-0.6446454027529375,0.008382073354848477
06.csv,162084,c460-003,"11, 12, 13, 14, 15",5.536589895030469,0.3311318327869725,0.016991982977824546,0.15993508001983123,-0.6437314201026997,0.002396936269062922,1201.7293708562,3.355445584546289,11,-0.6433679162751151,0.003276483518632123,0.025445913233227608,0.4821376812176058,1418.2,-0.645782544457648,0.009623535890937129
06.csv,162084,c460-003,"16, 17, 18, 19, 20",0.012095418381499277,0.7783163629677295,0.9909629094159779,0.0006992868317226581,-0.6440388854364549,0.0025261267257061463,1201.4353039528,0.688908229014791,11,-0.6430381637745304,0.0028077636681867074,0.060230246826898405,0.04339201563627778,1356.2,-0.6471517110068076,0.0026384123349309932
06.csv,162084,c460-003,"21, 22, 23, 24, 25",0.11410761539974716,0.19390766050488437,3.814308531668025,0.0015996707241796122,-0.6451099454744711,0.002556937411156828,1201.6656769022,1.1316834637488238,11,-0.6458538758706514,0.0021429286924450936,0.04674490576509209,0.004881583948065026,1349.6,-0.6470534236626427,0.009190742173937528
06.csv,162084,c460-003,"26, 27, 28, 29, 30",0.028530184546614778,4.941822270255166,0.03264156920632621,0.7453037633038313,-0.6422589776189482,0.0024433051609256836,1182.9781464947998,0.9169368528186869,11,-0.6421862735909659,0.0018916235665929998,0.0011879010659034453,0.00016053468677120107,1341.2,-0.6456015265435324,0.00957977856421276
06.csv,162084,c460-003,"1, 2, 3, 4, 5",0.02488830660998824,0.7835928898627675,3.3812848338428334,0.006414564557594935,-0.6439238026597117,0.0025844130212138304,1201.673404958,1.3424872462118402,12,-0.6427669489367233,0.0015957096639564136,0.08266884731490118,0.2024087198090246,1380.6,-0.6471691124314541,0.008806494817201208
06.csv,162084,c460-003,"6, 7, 8, 9, 10",0.02084473864188332,1.947569194825525,2.4650796705525533,0.0013211469447939707,-0.6437409160400447,0.0025536396322271586,1201.8275124956,1.2204429511016728,12,-0.6424165392039836,0.0022440999093770917,0.07781932403962274,0.03555261784670726,1355.6,-0.6466327974589945,0.008017565890958632
06.csv,162084,c460-003,"11, 12, 13, 14, 15",0.0777029055719831,3.727024504683066,0.031210658129117264,1.6943583317112862,-0.6424153779381929,0.002450225462693445,1201.8862026862,0.8335789571078973,12,-0.6424345458087988,0.0011150563969033354,0.0055332125278268855,0.00034992388028460533,1369.0,-0.6453455616275402,0.009225274442092143
06.csv,162084,c460-003,"16, 17, 18, 19, 20",1.1194800523056867,0.00011068025771162372,3.8044194651671175,5.353469619770389,-0.6471240371674603,0.0024396880874745413,1115.7548024316,2.3350562656883627,12,-0.6444702541643738,0.0033096977222791106,0.0008938743568039365,0.0008416075821947096,1305.8,-0.645939354156872,0.00963901614935866
06.csv,162084,c460-003,"21, 22, 23, 24, 25",3.9219028977123123,0.9446829520931502,0.014588812269295393,0.01231660477376738,-0.6438225131368287,0.002383489075579461,1202.0683407314,2.6732070063861957,12,-0.6427738044600639,0.0024859363165676924,0.04296594258500837,0.6868176212329704,1410.6,-0.6450379845133418,0.009133437657864882
06.csv,162084,c460-003,"26, 27, 28, 29, 30",0.049497391602706636,4.3439447345371525,3.4557200963589025,0.001524192224624066,-0.6444248164109456,0.002522522316922674,1201.724603724,1.965535577178756,12,-0.6437414252925481,0.0029185111208515596,0.06887350666576596,0.006071320112534167,1307.4,-0.6459090113737518,0.00962213114232397
06.csv,162084,c460-003,"1, 2, 3, 4, 5",0.075089628945963,4.340098455918473,0.013079532728363204,0.3014769138941706,-0.6424381279353348,0.002436113829511141,1201.7971111228003,0.8335789571078973,13,-0.6425147992700231,0.0013409858277590497,0.004708137731229324,0.00045087633708345957,1350.0,-0.6452542726426896,0.009412935470206578
06.csv,162084,c460-003,"6, 7, 8, 9, 10",1.6389577271856923,0.001724307533450397,0.045796183396080145,3.8030995306568673,-0.6445911134595164,0.002461111229784901,1202.1150520478,3.8302727899066134,13,-0.6434605388967979,0.001826520937005608,0.009615732616589566,0.024731968263716146,1344.4,-0.646671840520412,0.009271808418481825
06.csv,162084,c460-003,"11, 12, 13, 14, 15",0.05275885255758151,2.2303870462532704,0.01219158940311702,0.00888748949142055,-0.6434562488580039,0.0024346668835122983,1201.7968059722002,0.614893295318987,13,-0.643173303369951,0.00119833390556357,0.00797024985532064,0.006097872897749948,1305.8,-0.6441893087423759,0.005761196393297873
06.csv,162084,c460-003,"16, 17, 18, 19, 20",0.01939001101169661,5.340004432470917,0.14427917305285795,0.013918617683887623,-0.6423587484489637,0.00246158891811838,1202.2566847122,0.9902918010441819,13,-0.6422272961636781,0.0016305041748332302,0.005935913372744512,0.0005228310773507153,1331.2,-0.6456797514791616,0.009614030102130052
06.csv,162084,c460-003,"21, 22, 23, 24, 25",1.857345105854652,0.011188062757946,0.011801653220961873,2.4555762660547376,-0.6443686345648404,0.0024340460452157995,1202.2267897814002,3.1655147024021595,13,-0.6438418566303923,0.0023245376318364514,0.020890436275863063,0.044524680094177656,1368.8,-0.6469507187196613,0.00769805298251696
06.csv,162084,c460-003,"26, 27, 28, 29, 30",4.696435596619915,0.018577156197235763,0.16541782504749347,0.7006929238030197,-0.644454767851856,0.002450725016046535,1201.6718743883998,3.983483701502878,13,-0.6451112288252384,0.0023117996575519875,0.0016291942315573404,0.007779152755506382,1379.0,-0.6457269764845486,0.009529359813459683
06.csv,162084,c460-003,"1, 2, 3, 4, 5",0.1371333378909864,5.586457720807414,0.2625474936287641,2.163537180378064,-0.6431359346616177,0.0024780421220897525,1201.8176205182,1.1094935919106115,14,-0.6433807936026044,0.0016084766972128462,0.017713399543995506,0.001422219813531197,1326.4,-0.6458503171420165,0.009634538895746777
06.csv,162084,c460-003,"6, 7, 8, 9, 10",0.06380537603579782,3.896147946144637,0.5197143546114654,0.0001886426809094857,-0.6430895784556314,0.002476019051060507,1201.9948717652,1.0086305381005558,14,-0.6434606450669876,0.0019000804185856594,0.024319236299501737,0.0018332417673567326,1328.0,-0.6451124743117621,0.009167740669619001
06.csv,162084,c460-003,"11, 12, 13, 14, 15",3.981771948996439,0.1826417662376456,0.037097729613179344,0.005735172594141479,-0.6437928787056357,0.0024097624052380117,1201.9825885612001,3.113715370908306,14,-0.6429821570041752,0.0015038094383488148,0.041499392556946166,0.6215148148722279,1407.4,-0.645493682320956,0.00915812571480608
06.csv,162084,c460-003,"16, 17, 18, 19, 20",0.01234202835037597,5.360341471577684,0.05629974981014582,0.00015036428172238124,-0.6423614522507501,0.0024468155485667413,1201.8790403035998,0.9169368528186869,14,-0.6420850376265089,0.0016757920722256915,0.0013588373624074163,0.00024398577202834555,1316.8,-0.6456795990753292,0.009614838431450919
06.csv,162084,c460-003,"21, 22, 23, 24, 25",0.48168752292006817,4.348343088885101,0.013835349191948192,0.00012038142939754112,-0.6431551744411801,0.0023567167876989343,1201.8464840832,0.9902918010441819,14,-0.6436502474738254,0.003118545950843216,0.019995837983321472,0.01630352713988852,1373.0,-0.6451995717226922,0.009435488387244045
06.csv,162084,c460-003,"26, 27, 28, 29, 30",0.019984533835017426,5.176002891300467,4.252436169280567,0.00017017410009937807,-0.6443844428461551,0.0025304795034332833,1201.5153989842001,2.1620891348966316,14,-0.6441378567576058,0.0031824973455321184,0.07623999459377787,0.024776008294914935,1336.0,-0.6459068906228485,0.009638845438480061
06.csv,162084,c460-003,"1, 2, 3, 4, 5",3.757965554554377,2.7147548508527755,0.06737459220330949,0.060508796872113774,-0.6439734283255164,0.002395453664145572,1201.7932089869998,2.7830843762216424,15,-0.6446121605687262,0.00183578711436821,0.007179145282351277,0.08816079309438885,1361.6,-0.6450941070940228,0.00944199359541871
06.csv,162084,c460-003,"6, 7, 8, 9, 10",0.5610920774741968,0.9293013888892566,0.37105747302783426,0.00011006855266885223,-0.6445614206487026,0.0024375918801596663,1201.7696451125998,1.6244095679163268,15,-0.6454108158555195,0.0021472188437160838,0.004155526880996788,0.001929274801452409,1355.4,-0.6459668926729619,0.0021537777624076023
06.csv,162084,c460-003,"11, 12, 13, 14, 15",0.8692262242663928,0.00024735898010312435,0.027828184124415237,4.064183061132944,-0.6442935912125024,0.0024422755603344115,1201.9896701000002,2.378298048386295,15,-0.64410206570811,0.0015851805447562135,0.02579688718862074,0.032124452759465495,1350.0,-0.6466284863810512,0.009295701722342595
06.csv,162084,c460-003,"16, 17, 18, 19, 20",0.01894466723792456,2.650602870699239,0.029143797143298723,0.0016538217533089163,-0.6430737201696474,0.0024432206873540637,1201.8083188838,0.6262802081952645,15,-0.6429811761692169,0.0010417339366020145,0.0016671388618437484,0.0009205252458994704,1351.6,-0.6442123083771578,0.00698289995281576
06.csv,162084,c460-003,"21, 22, 23, 24, 25",0.6710643726509741,2.769494804196946,0.09560828661265189,0.40374645687532623,-0.6436156560131105,0.002427878533361381,1201.7671570396,1.965535577178756,15,-0.6437918999471565,0.001357359024991511,0.009521342719736575,0.0025067256688589717,1324.8,-0.6444214287354129,0.007637638098241778
06.csv,162084,c460-003,"26, 27, 28, 29, 30",4.947389092263383,0.020251700702713482,0.012673180508203423,0.26050571057935457,-0.6437387608077846,0.0024243801344279183,1201.5560318534,3.4820661726423756,15,-0.6431812835029995,0.0015297188210112427,0.02604064079495195,0.4148105590421814,1345.8,-0.6457597702519283,0.009571108677556917
06.csv,162084,c460-003,"1, 2, 3, 4, 5",1.285973143274381,4.683024632735369,0.031869612247333326,0.0009382903140117292,-0.6440442958972312,0.0023459395311956994,1201.6655466402,1.3988717105527377,16,-0.6435754109574259,0.0013106935926586955,0.005822735980955106,0.02320948770154081,1361.0,-0.6454078947752017,0.009566187287153704
06.csv,162084,c460-003,"6, 7, 8, 9, 10",3.6587538870832703,0.000259367109306598,0.06141138289577781,0.07028668887724443,-0.6439544940272525,0.0023924408052451475,1201.6643197099997,3.107959889631211,16,-0.6438458469427044,0.001277856527765781,0.012848033532286498,0.13170727274829472,1360.4,-0.6456192192336755,0.008841720122978059
06.csv,162084,c460-003,"11, 12, 13, 14, 15",0.036961078251697976,5.121847442191866,0.07583707786517364,0.004373363430445706,-0.6423673865950251,0.0024535614605673017,1201.7338762588001,0.9169368528186869,16,-0.6421523620480178,0.0009651218866278163,0.002697668556035469,0.00029546671979405263,1349.0,-0.6456040320914949,0.009595693655777213
06.csv,162084,c460-003,"16, 17, 18, 19, 20",0.08080473717868981,5.419986450472547,0.015922357035734535,0.004528451617656027,-0.6425937574588436,0.0024247440381540077,1201.7140943896,0.8335789571078973,16,-0.6423414380341448,0.001128769423914118,0.010224845409832586,0.008055272354238112,1316.2,-0.6456928206211308,0.00961861017598488
06.csv,162084,c460-003,"21, 22, 23, 24, 25",0.10150478157319523,4.589541887697084,0.6164436885097548,0.0013748297637467166,-0.6434155372807037,0.0024692839529911388,1201.7778118092,1.1094935919106115,16,-0.643585591455538,0.0010375080738077858,0.027253042523303274,0.003071159883386839,1366.8,-0.6454712589756261,0.009514803620844272
06.csv,162084,c460-003,"26, 27, 28, 29, 30",2.2011076787134884,0.030548816566675355,0.04914840102483306,2.8601303270501455,-0.6444760130154581,0.0024545227507153664,1201.5651053264,3.8302727899066134,16,-0.6442376783801265,0.001463413170926524,0.007942578690106868,0.021864360698569667,1347.4,-0.6467124466408775,0.008669086294296554
06.csv,181774,c460-003,"1, 2, 3, 4, 5",0.1432600712846184,5.25368150465006,4.952565022656112,3.9205391772332705,-0.6456879783114959,0.004553327556016026,1201.4440231721999,2.568561892257198,17,-0.6453531740447527,0.0016660481908025182,0.05319374100157016,0.006354522462022684,1231.2,-0.6446634224130483,0.006944752499000066
06.csv,181774,c460-003,"6, 7, 8, 9, 10",0.010841452282427165,1.6394090913553574,0.6775259605487187,0.0013713206493547697,-0.6432612512488226,0.004422261574237795,1201.3828788958,0.688908229014791,17,-0.6429273500525396,0.0011361706206674913,0.05906771254342382,0.01633261706557086,1224.6,-0.6458651749576846,0.0026001495561384386
06.csv,181774,c460-003,"11, 12, 13, 14, 15",3.224722939696295,0.00016158635751425775,0.015816020821244912,5.180858232062544,-0.6444717770905076,0.004391207590215409,1201.4100633302,3.9068782457047453,17,-0.6439690867423487,0.0020043607910120243,0.014031276586478944,0.043503816134560905,1251.0,-0.6447489549815232,0.006940926233511486
06.csv,181774,c460-003,"16, 17, 18, 19, 20",0.10806433760093859,3.9675059907945815,0.07178035002920542,0.0426185436603459,-0.6425631961312861,0.004335681680332432,1201.5811855072,0.9169368528186869,17,-0.6427226597624953,0.0009536323196755025,0.011001140441539877,0.001392257117577694,1239.8,-0.6446200601326771,0.006534189202261618
06.csv,181774,c460-003,"21, 22, 23, 24, 25",4.8394412455654106,0.28979051140066076,0.3758184919452565,0.0008685915391320571,-0.6450228487230563,0.004507475620807962,1201.4895565108002,4.634630075787003,17,-0.6448961749224833,0.001418828568195256,0.004695719165392916,0.03747924678459312,1287.8,-0.6443415020273211,0.006877159523108895
06.csv,181774,c460-003,"26, 27, 28, 29, 30",0.011641298246027288,1.5473105043092523,0.407448705848232,0.000828508701557219,-0.643246710810683,0.004397449553358263,1201.4517377278003,0.5693456438138768,17,-0.6432715144271101,0.0011178202833913695,0.04554604949064557,0.005993741788729186,1230.8,-0.6455080427771045,0.0022409457019798105
06.csv,181774,c460-003,"1, 2, 3, 4, 5",2.687868845013983,0.5884609399241467,0.11420451177177775,4.142532916658534,-0.6447591624103322,0.00444145059664448,1201.5560051892,4.136694613099143,18,-0.6450748986921477,0.0016999391325244963,0.005689838879325051,0.004719115876890204,1364.8,-0.6449067987194973,0.006874880851206899
06.csv,181774,c460-003,"6, 7, 8, 9, 10",4.814321406673057,0.0010928798048088209,0.07086566714083174,0.09690297103373144,-0.6439778818302071,0.004295246452733652,1201.6894684391998,3.4187558785943324,18,-0.6439732397197796,0.0011141811958343092,0.012395083559397276,0.17804014856675981,1359.6,-0.6444085193368142,0.0068690567459719605
06.csv,181774,c460-003,"11, 12, 13, 14, 15",3.345655584699678,0.03396952380026748,0.010267872088890203,0.1640344322261528,-0.6440315498529495,0.004187447367461997,1201.8259551104,2.8254180814829186,18,-0.6433558977241333,0.0009694057363213488,0.025543158668661654,0.23193239197495213,1379.6,-0.6443229330398925,0.005958083015687095
06.csv,181774,c460-003,"16, 17, 18, 19, 20",0.2305152177820305,4.713311598116034,0.16671160785056394,0.00014468537177811513,-0.6429770881839476,0.004376551213518573,1201.8043997336001,1.2204429511016728,18,-0.6429832585792591,0.001119876940734728,0.014732321257163724,0.00146699974801898,1392.4,-0.6446455090754527,0.00684730713181982
06.csv,181774,c460-003,"21, 22, 23, 24, 25",3.1073643019569652,0.2131353480041009,0.023191230629399078,0.020890968744710997,-0.6439710333265402,0.004208595322847153,1201.5977065018,2.668450410289423,18,-0.6431588424083049,0.0008450549080106943,0.04538101888596959,0.5910390754095622,1345.4,-0.6442333969685532,0.005598628539973162
06.csv,181774,c460-003,"26, 27, 28, 29, 30",4.997123010997444,0.6662589849203316,0.21434892780662382,0.00012006860849544324,-0.6446021014363359,0.004457229617279482,1201.8072123601999,3.9068782457047453,18,-0.6444870553719859,0.0019805269222233843,0.004984771537650162,0.032644522433737486,1425.4,-0.6443113164206237,0.006895926725498446
06.csv,181774,c460-003,"1, 2, 3, 4, 5",5.369903936817088,0.0008577350002272167,0.011806829896835833,0.09142376110457096,-0.6437533757259164,0.00418152990740976,1201.2689872166,3.171270183679254,19,-0.6433173476814834,0.0014378442310753446,0.037831889305581325,0.7313358817204924,1399.6,-0.644505526403111,0.006924220468139503
06.csv,181774,c460-003,"6, 7, 8, 9, 10",3.4808328249784615,0.45526280594287716,0.024093654432456382,0.041746351778837336,-0.6440166122918153,0.004188099597828832,1201.639710837,2.6208844493216974,19,-0.643625752149296,0.000717432082514591,0.025664893896340312,0.31205022618520173,1430.2,-0.6439389422081833,0.00610606688829755
06.csv,181774,c460-003,"11, 12, 13, 14, 15",0.2897742513032548,0.022082586696537655,0.01756775294049364,5.239664635546169,-0.6438841268109655,0.0044068521746202455,1201.1997165123998,1.0086305381005558,19,-0.6452299825373885,0.001873240338840015,0.02775660531911488,0.002392642165000365,1385.8,-0.6449173676929201,0.006913285158709962
06.csv,181774,c460-003,"16, 17, 18, 19, 20",0.01940458190332818,3.8162146634750305,0.049335484757128345,0.03605077978604734,-0.6425704243106912,0.0043122450601034,1178.4543015302002,0.7729550329545956,19,-0.6425299148232302,0.0007612570630401736,0.0011508235465876161,0.00012462710978278783,1388.6,-0.6446210554743329,0.006410170400900991
06.csv,181774,c460-003,"21, 22, 23, 24, 25",0.29113808937116736,1.080835412627203,0.3429506050214896,0.0046639177255333505,-0.6441392552854162,0.0044765348123843775,1201.2519223446,1.0893209811486004,19,-0.6441157450665738,0.0009824533786045564,0.009622355416966228,0.0012702670370280712,1419.2,-0.6459315676086401,0.0013984902152455448
06.csv,181774,c460-003,"26, 27, 28, 29, 30",4.216898153355557,4.17725676305961,0.21968056474372652,0.6882755919276937,-0.6447315800308195,0.004473286276555367,1201.7832766880001,4.550364074409058,19,-0.6445781389305184,0.001399561051949523,0.000887913910038637,0.003686097520326913,1434.4,-0.6445522448941632,0.006937813681379438
06.csv,181774,c460-003,"1, 2, 3, 4, 5",0.46658416061246916,3.5270448829194803,0.014522559334200207,0.1289040996067968,-0.6431170655650444,0.004257365163727709,1201.420616596,1.2204429511016728,20,-0.6431074335021278,0.0010008830393084262,0.01716477875050751,0.0029929346491115267,1336.6,-0.6444992679014221,0.006204809937540849
06.csv,181774,c460-003,"6, 7, 8, 9, 10",0.02430254075034279,4.575371868241558,0.046048873522474484,0.00033582485387764885,-0.6425190607221587,0.004298897423857007,1195.404987595,0.8335789571078973,20,-0.642268065441371,0.0007165234595070752,0.0014288861713286718,0.00017971409882798435,1358.0,-0.6446604409873455,0.0068043131189243385
06.csv,181774,c460-003,"11, 12, 13, 14, 15",0.012625809391831161,1.3950602240406773,0.4879129475384195,1.7455671455491732,-0.6431602891347936,0.0043905236812001825,1201.6351298391999,0.5807325566901542,20,-0.6432189290379302,0.0010376177835991827,0.04405450237282274,0.003863859002396182,1342.6,-0.6461718152174994,0.003492581792929648
06.csv,181774,c460-003,"16, 17, 18, 19, 20",0.02334498476126469,0.32240128775184146,0.021116752070209018,5.311600452183356,-0.644485542753148,0.004349709240457117,1201.9302181624,0.47053358992882366,20,-0.6443278743654476,0.0019386940839448829,0.030152993215013822,0.03262969797008298,1324.8,-0.6448560068058536,0.0069169260841867
06.csv,181774,c460-003,"21, 22, 23, 24, 25",0.43809580493626155,3.984258769992632,0.027636448724657148,3.317818114795425,-0.643448695286982,0.004373923823378559,1201.5670148268,1.6244095679163268,20,-0.6432815964270256,0.0008437599976421947,0.022535463328263127,0.0020421548485432183,1379.2,-0.6448237969196106,0.006898176708389855
06.csv,181774,c460-003,"26, 27, 28, 29, 30",0.02689285231223313,4.562485185987137,0.5710554882959158,0.07384540140073738,-0.6429953109272806,0.004405330984140278,1201.8518045134,1.0086305381005558,20,-0.6430792758007574,0.000892139196494829,0.029079324258315185,0.0017105619826949306,1324.6,-0.644737166353951,0.00681794940165001
06.csv,181774,c460-003,"1, 2, 3, 4, 5",0.060419857229217146,4.062620851426537,0.17185038430098548,0.08472402733425892,-0.6425686690720572,0.004346724561473421,1201.862259581,0.9169368528186869,21,-0.6427452294596158,0.0006811713396078285,0.008182723365025993,0.0006651459859196511,1349.0,-0.644673886401272,0.006597366646420196
06.csv,181774,c460-003,"6, 7, 8, 9, 10",0.09703855335628316,3.897626513996924,0.020536988511133135,0.2931643190419113,-0.6425268125298956,0.004296232000865387,1202.3899837702,0.8335789571078973,21,-0.6425245996677152,0.0005695008174962658,0.00600820326464341,0.0005091008773579215,1359.6,-0.6446928757731782,0.006487587572144051
06.csv,181774,c460-003,"11, 12, 13, 14, 15",0.01318192476921493,5.602850173241541,0.04671181492893182,0.0257805768899962,-0.6424134479574984,0.004289398206058145,1192.1348465045999,0.9169368528186869,21,-0.6423263325597421,0.0009023617993507096,0.0012029375960947593,0.0004052291593351914,1299.4,-0.6446774154917702,0.006931687248773778
06.csv,181774,c460-003,"16, 17, 18, 19, 20",0.022840511639104086,4.579414603216467,5.33829393324757,0.0027012804074593947,-0.6445421007754635,0.0045140002800399615,1202.2887767714,2.3350562656883627,21,-0.644515146674179,0.001289316794910544,0.07694927765618279,0.04859218134569958,1366.2,-0.6446791647501253,0.006944482547043005
06.csv,181774,c460-003,"21, 22, 23, 24, 25",4.818619129804961,0.008040765773988252,0.01684975059840452,3.25424955773593,-0.6442491448307441,0.004360673141426049,1202.2964301142001,4.297566070275221,21,-0.6446776384322891,0.0012876958819765404,0.004440146099491489,0.02581617225694799,1400.4,-0.6446586171563204,0.006935286768287596
06.csv,181774,c460-003,"26, 27, 28, 29, 30",0.03705132492783761,5.405201101902244,1.0086520183126095,0.0001738979472757867,-0.6434822536035387,0.004469786497679099,1202.2045253863998,1.2204429511016728,21,-0.6433637395333706,0.0008971842854664121,0.040012733690469385,0.0021484667367348297,1347.4,-0.6447053250253982,0.006928838966478501
06.csv,181774,c460-003,"1, 2, 3, 4, 5",0.016548213536746632,0.6047801243789206,3.581763985346257,0.6640804754316535,-0.6439758711109109,0.00440609734232252,1201.7251718096,1.4767359708330243,22,-0.6440559855563357,0.0013996635600946508,0.08798319266749892,0.3048159518507296,1392.2,-0.6464308189878648,0.0063531940016719034
06.csv,181774,c460-003,"6, 7, 8, 9, 10",0.32772293982476036,0.002512809061083141,3.367146137972378,0.005134282986853157,-0.6462850362863717,0.004486208005555334,1201.8071636379998,1.396186736060314,22,-0.6518111377296474,0.0028281628957485356,0.01209206777897388,0.012394091094112467,1426.0,-0.6474735323015547,0.006199963671536017
06.csv,181774,c460-003,"11, 12, 13, 14, 15",3.8634737937943275,0.0002637730696931457,0.3349739740475938,2.274024972348912,-0.6451049815844196,0.004509792983361891,1201.7092657762,5.005400481849963,22,-0.6458963418065449,0.0013156318648841823,0.0019892971742863537,0.0052921729949966636,1426.0,-0.6446374570922684,0.006756445111871356
06.csv,181774,c460-003,"16, 17, 18, 19, 20",0.011186492654792941,0.791341936954011,3.495441004413664,0.2317807179027115,-0.643916123365477,0.004469288339726829,1201.8888484926001,1.4498862259087875,22,-0.6436377836154613,0.0014855126221251407,0.09315757918871781,0.24794514091335587,1397.4,-0.646621318084524,0.00625619946191535
06.csv,181774,c460-003,"21, 22, 23, 24, 25",0.7375479814817572,3.3160944843114004,0.12607709857228777,1.9876522239755285,-0.6441703120364853,0.004444342704269821,1201.8067323958,2.1620891348966316,22,-0.644001450895621,0.0007294819598382678,0.011297595094855494,0.002275330741088483,1376.4,-0.6450779334943495,0.00645716543409952
06.csv,181774,c460-003,"26, 27, 28, 29, 30",0.020095918279876175,4.959261024680279,0.2779262248060954,0.3287373876180684,-0.6425887297233064,0.004356478144291507,1201.9232012564,0.9169368528186869,22,-0.6425183612945705,0.0007024959235970178,0.014641046714336964,0.001135713030084273,1383.4,-0.6447284997122559,0.006886691073011719
06.csv,181774,c460-003,"1, 2, 3, 4, 5",1.1708038443031903,4.883983492909189,0.013210802868275674,0.00032651467296281137,-0.644154457599156,0.004165830117081453,1202.2021412994,1.0823689326463204,23,-0.643715944391769,0.0010901673450287635,0.011794707819162857,0.04959426046094399,1352.8,-0.6445365965099721,0.006896675017451573
06.csv,181774,c460-003,"6, 7, 8, 9, 10",0.12933446295095546,4.328137641020229,0.016482474154411682,0.00043348933444241306,-0.6427548784942188,0.004257021941826731,1202.1062706382,0.8350945552117297,23,-0.6427420946201048,0.0007952329733674863,0.014710187765048694,0.013353353321431252,1313.4,-0.6446219777381241,0.006724026569719556
06.csv,181774,c460-003,"11, 12, 13, 14, 15",2.6381526004362756,1.5992552201262102,0.08267775384787071,0.00010063922961482045,-0.6442015332453315,0.004327631936450854,1201.5582581284,2.7207729673539216,23,-0.6440023045221086,0.0010733541168429742,0.00784390734449274,0.04700753542824919,1415.2,-0.6434787586658651,0.005218331920636895
06.csv,181774,c460-003,"16, 17, 18, 19, 20",0.26899898017095025,4.3850640561692025,0.03785991378477797,0.4730242275571586,-0.6427516360546398,0.004319789562803445,1202.5372649356,1.2204429511016728,23,-0.6428376715619383,0.0005768802611196437,0.015808199406844643,0.0017253226435641465,1349.6,-0.6447156754450714,0.0067622811117148554
06.csv,181774,c460-003,"21, 22, 23, 24, 25",0.040326756353822185,2.2100494870064913,0.04916819239985958,1.4060678219069112,-0.6425441376131079,0.004323970355610693,1202.0164940798002,0.6262802081952645,23,-0.6427322261638774,0.0006180028536372569,0.003809807372019832,0.00025173973901622404,1363.8,-0.6454258781382604,0.0044016424772318034
06.csv,181774,c460-003,"26, 27, 28, 29, 30",0.10662157625774178,2.212640475298672,0.17277000440703455,4.136533080327308,-0.6429977665464288,0.004370141873617613,1202.3337798344,0.8032669950312463,23,-0.6432898908347537,0.0008758952247772267,0.015353494296872966,0.0009278853463185975,1398.4,-0.6449705080593332,0.006808107619887639
06.csv,181774,c460-003,"1, 2, 3, 4, 5",2.3091939286615606,0.000928115925070506,0.03592379756416592,4.863636884226583,-0.6446300873901705,0.004400007832262803,1201.9813593348,3.7606314664537654,24,-0.6439265137023794,0.0007975295436958349,0.00948226232501711,0.01936638233571334,1367.8,-0.6449251466120982,0.006920316203742785
06.csv,181774,c460-003,"6, 7, 8, 9, 10",3.4146003277159593,0.4548354032354002,0.032482012312660485,0.0027947115161344807,-0.6439957795363949,0.004217261926118394,1202.1350330660002,2.668450410289423,24,-0.643747172773907,0.0007169624499560872,0.03913331883525451,0.4359010805670017,1439.8,-0.6439406621259866,0.006026979622609564
06.csv,181774,c460-003,"11, 12, 13, 14, 15",0.0200958651746863,0.2255017801523062,3.909832869420951,0.022188324456573233,-0.6442853655596597,0.0043858676442107255,1201.801907289,1.6568977592746534,24,-0.6439062169958325,0.0009798123503147102,0.07854415613847783,0.5280992360386461,1357.0,-0.6464065687028592,0.0065713543116637935
06.csv,181774,c460-003,"16, 17, 18, 19, 20",0.048325801430277544,5.193609501505027,0.022610759531002656,2.3801811570737312,-0.6423549363543555,0.004306284442299692,1202.0571186202,0.9169368528186869,24,-0.6421531013801925,0.0008526813674589443,0.002544550174917588,0.00019126405105887053,1368.2,-0.6447514131143085,0.006931901501094221
06.csv,181774,c460-003,"21, 22, 23, 24, 25",0.02724526493855547,0.00014878866783412281,5.210050167372609,4.965142790598588,-0.644366882933054,0.004340768397623347,1201.7756778388,1.5653401290830058,24,-0.6486522392476678,0.003571563565591611,0.0813204910181547,0.7803470966974191,1411.4,-0.6446776947053224,0.006944654898322971
06.csv,181774,c460-003,"26, 27, 28, 29, 30",0.023107169641122357,4.359537606730888,0.013168175712644949,0.0023983695815022457,-0.642844003914958,0.004259719986307304,1201.9342019068001,0.6763826248508856,24,-0.6425702647792344,0.0008661711986598606,0.004139306259418092,0.004959703007712266,1369.4,-0.6446452078910557,0.00673067855798487
06.csv,181774,c460-003,"1, 2, 3, 4, 5",0.0346997440836084,3.83728821187958,0.01937183990525938,0.000426163116332067,-0.6428392311741837,0.004275689895669924,1201.4857808852,0.688908229014791,25,-0.6427483596396982,0.0006355306435002285,0.00393043253788084,0.0024166778418156726,1349.2,-0.6445976707583487,0.006425734833716367
06.csv,181774,c460-003,"6, 7, 8, 9, 10",0.014356293496322886,2.7189188181993447,0.0117431726062894,1.4076397688182725,-0.6423542864198822,0.004301558766769775,1152.4058051191998,0.6262802081952645,25,-0.6428779262367535,0.0012026877941884158,0.0009992473568591796,0.00013848502606749244,1283.8,-0.6452497276205438,0.005310226585562303
06.csv,181774,c460-003,"11, 12, 13, 14, 15",0.026661865594570695,1.1871063550803176,0.25768978775830814,5.278795976984896,-0.6430477284811369,0.004351717499210754,1201.0661841800002,0.5693456438138768,25,-0.643074343436006,0.0008222413601458971,0.02464887894006858,0.0013731148648529925,1391.6,-0.6448114052867958,0.006921731764327382
06.csv,181774,c460-003,"16, 17, 18, 19, 20",4.375465046810018,0.00012308439174379238,2.0716937166845475,0.0016667061524224555,-0.6469197380379137,0.004654186168212387,1124.5176492757998,5.3020168067003315,25,-0.6435747795895107,0.0017676044901610167,7.172705695615133e-5,0.0009987989482210633,1317.4,-0.6446356223617455,0.00688684869897919
06.csv,181774,c460-003,"21, 22, 23, 24, 25",0.017686744395401736,3.3459139438733216,0.15756618220776492,0.6861047285222013,-0.6424722344440024,0.004335577500279738,1201.7259745597999,0.7577990519162702,25,-0.6425239749194427,0.0006124696961572228,0.00940307007678523,0.000766305215444259,1373.2,-0.6449433661781742,0.005984207282906878
06.csv,181774,c460-003,"26, 27, 28, 29, 30",0.4413116438883034,0.6986252515978019,0.026753174817209426,0.5890495675347566,-0.6434048774538693,0.004347708831702495,1201.6781263994,1.3424872462118402,25,-0.6436424158559837,0.000757482711361007,0.013435485888314749,0.0023383493730496216,1382.2,-0.6459393752842023,0.0008680038893903514
06.csv,181774,c460-003,"1, 2, 3, 4, 5",0.0331699230662287,4.698256693399442,0.5255710897934794,0.0642423889132994,-0.642975441585019,0.004402407306491122,1201.5065784801998,1.0086305381005558,26,-0.6430355428635354,0.0005855871152951819,0.024156385075595425,0.0013714004367349833,1382.4,-0.6447222181520853,0.006847606454111838
06.csv,181774,c460-003,"6, 7, 8, 9, 10",0.013347757142137586,4.886734783543122,0.04788227595390957,1.8294271754568796,-0.6422667293147375,0.0043035924575581955,1194.5496872255999,0.8335789571078973,26,-0.642013635723145,0.0008858618477864175,0.00115432619647792,8.565795810468823e-5,1363.6,-0.6448077049935754,0.006902975398293239
06.csv,181774,c460-003,"11, 12, 13, 14, 15",0.2237613696573038,5.339559380914137,0.19329382686787525,0.026540121132611554,-0.6430461440524533,0.004383045661121253,1201.7745465424,1.2204429511016728,26,-0.6432560798566826,0.0007740943804488575,0.018166771269213768,0.001668672125933842,1325.2,-0.6446664698225911,0.0069216583065787795
06.csv,181774,c460-003,"16, 17, 18, 19, 20",2.8143264868174875,0.17366775354020197,0.3112475242626848,0.24404621097728801,-0.6450694233740674,0.004507836120772163,1202.016107445,3.9068782457047453,26,-0.6453561709594284,0.001138966932084157,0.0035244585387919267,0.00536438757451777,1398.0,-0.644535282926512,0.005197702224284024
06.csv,181774,c460-003,"21, 22, 23, 24, 25",0.056629807099563216,3.5617956124944414,0.012405583949902954,1.4614994424153016,-0.642359003956132,0.004301910922484387,1201.4795836834,0.7577990519162702,26,-0.6424055563552583,0.0005666839002592538,0.0036022130539798683,0.0002276700379125796,1359.4,-0.6450532969121396,0.006373443002319688
06.csv,181774,c460-003,"26, 27, 28, 29, 30",0.011014107637229056,1.7306804831799647,0.22168340443269913,4.900142096962141,-0.6427792949413261,0.004337383381365079,1201.645312602,0.5693456438138768,26,-0.6426695859422803,0.0009357345118404705,0.025340254914524678,0.0016705392582191812,1370.2,-0.644842543474544,0.006902210752016506
06.csv,181774,c460-003,"1, 2, 3, 4, 5",0.030603882749842742,2.177658190309565,1.5196539323313212,2.08800911174742,-0.6435647893390792,0.004460064841880497,1201.4747805184002,1.0086305381005558,27,-0.643583741530315,0.0005639093532574589,0.05933084229136833,0.0032146042430267023,1367.2,-0.6459692172313626,0.005621564553639615
06.csv,181774,c460-003,"6, 7, 8, 9, 10",0.017086739418723525,2.2123810421967645,0.03347803910112764,3.189871401087087,-0.6424348718226488,0.00431036717783425,1201.4929046454001,0.6262802081952645,27,-0.6425499950623997,0.0005892014995832349,0.001676198932711781,0.00018158129703258835,1377.6,-0.6452483745844723,0.006339855368102683
06.csv,181774,c460-003,"11, 12, 13, 14, 15",0.01964686516380287,4.391017836218871,0.021102697220142793,0.4088095331788099,-0.6423673156004142,0.004288858264497138,1128.2331277842,0.8335789571078973,27,-0.6423683527499168,0.0005968053605700752,0.0009972841083942632,0.00018643415270910144,1288.6,-0.6447396152956613,0.006749299138848547
06.csv,181774,c460-003,"16, 17, 18, 19, 20",0.05580924242834491,3.8376655581560595,0.09341569416088207,0.3957290764031347,-0.6424666054777167,0.004327411975165648,1201.6489812316,0.8335789571078973,27,-0.6424988444213975,0.00042640459229939217,0.004795056583704532,0.000347554716718427,1378.4,-0.6447583872779988,0.006448396295209783
06.csv,181774,c460-003,"21, 22, 23, 24, 25",0.052396389044090504,4.259421741190659,0.276664267558277,0.029450776819184503,-0.6426966371334751,0.004366054691361575,1201.5307480942001,0.9169368528186869,27,-0.6427892437771933,0.0004693295678608541,0.013205615417644433,0.001142706629131699,1405.4,-0.644685153721044,0.006702733039026983
06.csv,181774,c460-003,"26, 27, 28, 29, 30",0.033246116804434615,0.4125651409123462,0.06263892682812955,5.270352205581114,-0.6439864843081826,0.0043402915877084145,1201.3416096320002,0.5175869489217061,27,-0.643891104524583,0.0007590944846869094,0.015451752799270236,0.003783968941006704,1394.8,-0.644861899028053,0.00691462091915073
06.csv,181774,c460-003,"1, 2, 3, 4, 5",0.12078681214009862,4.462714985323266,0.0290069413868929,0.012045801628852361,-0.6426311116373026,0.004274815361545315,1201.3738397612,0.9169368528186869,28,-0.6425497242509872,0.0005071447039513571,0.00816453618208925,0.0017567467193796795,1363.8,-0.6446378898285224,0.006773610269490531
06.csv,181774,c460-003,"6, 7, 8, 9, 10",0.025301748161486972,2.688287782630454,0.015691521341225746,4.3731098719121455,-0.6424050731316782,0.004308467232501831,1201.4385666058,0.688908229014791,28,-0.6423438780291633,0.0006775467089112278,0.0020329383112658297,0.00019489984010661202,1330.8,-0.6448441285335955,0.006887467953725687
06.csv,181774,c460-003,"11, 12, 13, 14, 15",0.012791902703104692,4.926312247668215,0.07190983313972175,0.6418964978516104,-0.642286141439061,0.004305049887898409,1201.7043887914,0.9169368528186869,28,-0.6422296836260115,0.0005522476090063461,0.0018430199411304353,0.00013937254916262,1355.4,-0.644751825190219,0.006882235533785252
06.csv,181774,c460-003,"16, 17, 18, 19, 20",0.10143056174942582,4.311271390198807,0.20784887364352653,0.00011347076202943067,-0.6427370134031273,0.0043645905380217806,1201.6642931811998,1.0086305381005558,28,-0.6428557645993336,0.0006755374221962533,0.009863291180963296,0.000853625133413145,1362.8,-0.6446566360018698,0.006723853637243889
06.csv,181774,c460-003,"21, 22, 23, 24, 25",0.019753957246886857,4.445903619646779,0.05828492252154716,3.6555124827091827,-0.6423788644124548,0.004317194872733635,1201.5977788808,0.8335789571078973,28,-0.6421147051318314,0.0006530531913362306,0.002046147851276648,0.0001439175698547675,1375.2,-0.6447525976046738,0.006931656939976487
06.csv,181774,c460-003,"26, 27, 28, 29, 30",0.13545525275325562,3.7296732713509346,0.14183883053840637,0.023631926967935084,-0.6427255234143198,0.004363156142663386,1201.5492291734001,1.0086305381005558,28,-0.6428360535090752,0.0004736742813247362,0.00993975356651825,0.0009077954082946038,1352.6,-0.6446078646630405,0.006359273329563771
06.csv,181774,c460-003,"1, 2, 3, 4, 5",0.1842717366667335,1.5687199053581877,0.11245279828379182,0.007533658389703163,-0.6432609993130941,0.004407133649951321,1201.3206158274,0.8335789571078973,29,-0.6432296418102689,0.000563502007636666,0.013966955319972944,0.0014461669251347527,1352.2,-0.6450323816711788,0.002242455765806471
06.csv,181774,c460-003,"6, 7, 8, 9, 10",0.010865853522788148,1.091596199029339,0.5020600858673367,0.39028599826928734,-0.6435606206571199,0.00442517128174592,1201.9558198582,0.5693456438138768,29,-0.643723629163474,0.0007695101215706589,0.04733166194949045,0.011416695609569882,1327.2,-0.6462343656500182,0.001405502833779966
06.csv,181774,c460-003,"11, 12, 13, 14, 15",0.023595874685947753,3.450968296141816,1.0839020129735968,4.55102630625032,-0.6433667519504155,0.004449375160113681,1201.2279342168,1.0086305381005558,29,-0.6431033761885532,0.0007307490709119766,0.05152639297928792,0.0026218457653937647,1340.2,-0.6447554328246826,0.006933658577227886
06.csv,181774,c460-003,"16, 17, 18, 19, 20",0.028046827050315207,2.645642807566025,0.014752653456068817,0.29624094146575675,-0.6427315642128575,0.004315958316921476,1202.1989596944,0.6262802081952645,29,-0.6428482548499095,0.0005223703022393661,0.001507931927771029,0.00014550026482304762,1326.2,-0.6447005911143079,0.004719641385342272
06.csv,181774,c460-003,"21, 22, 23, 24, 25",0.01115027050870728,3.1202701564051756,1.6731961973128275,0.0025445666067923176,-0.6435270727266024,0.0044755169031932334,1201.7780881213998,1.2204429511016728,29,-0.6430420293329507,0.0007550041695858258,0.06860564163553448,0.011802610996596427,1317.4,-0.645390958673606,0.006075640367751908
06.csv,181774,c460-003,"26, 27, 28, 29, 30",0.014252279845400458,3.7329933355763716,0.011631102423548319,5.2564469460979275,-0.6423590222529956,0.004309459965243574,1163.0375133842,0.7577990519162702,29,-0.6422520390619499,0.0009135658565105683,0.0009976354425586653,0.00013857988687844222,1282.6,-0.6446923101968676,0.006942998302709149
06.csv,181774,c460-003,"1, 2, 3, 4, 5",0.07643153144465624,3.221532119885007,0.27903229965115456,4.310666696458089,-0.6429738888127435,0.004385713518722891,1201.8157688003998,0.8335789571078973,30,-0.6432000587837731,0.0005301147897222033,0.021453081699963086,0.001752595404414819,1345.0,-0.6448034819016816,0.006913491612808548
06.csv,181774,c460-003,"6, 7, 8, 9, 10",0.016407738004268976,0.43804824569040035,1.5832076879121715,0.02480874865327126,-0.6445852804882548,0.004442959221756817,1201.4955817316,0.8335789571078973,30,-0.6441707396079932,0.0006803504196789666,0.07514044176553175,0.14315277485815353,1310.0,-0.6485901601680489,0.002702836996785394
06.csv,181774,c460-003,"11, 12, 13, 14, 15",5.255981656665876,0.00018183499509824108,0.010514028960152973,0.019431535049602464,-0.6436529798555373,0.004096510369822165,1201.7376833797998,3.6909901430009184,30,-0.6429036453990363,0.0014341218769995296,0.06711733790265154,1.3936138615945037,1404.4,-0.6444909675925063,0.006917274196477058
06.csv,181774,c460-003,"16, 17, 18, 19, 20",0.045068774011572874,1.603658965168988,0.06035646741011892,4.631804755819627,-0.6427048860195377,0.004322441959856695,1201.9644746624,0.6262802081952645,30,-0.6427968633554089,0.00046886489981488817,0.007352207937331196,0.0005017365958049165,1370.4,-0.6449154696294845,0.006860613402495627
06.csv,181774,c460-003,"21, 22, 23, 24, 25",4.644258774659639,0.00011667200621802841,0.1359349411375595,0.07959369094030737,-0.6442660051991612,0.004391386416847603,1201.6122556285998,3.5517074960952235,30,-0.6434328156707948,0.0008228969154754356,0.005773709864969868,0.038011329904402494,1392.6,-0.6443814564004472,0.006837310056382864
06.csv,181774,c460-003,"26, 27, 28, 29, 30",0.01810043817685206,2.3718354464652216,0.08820462600459557,0.16580766419712725,-0.6427552902073016,0.004348845897898305,1202.0504444801998,0.6262802081952645,30,-0.6428854469014345,0.0004786032237135089,0.0049008067756819065,0.0004537099944630613,1311.6,-0.6447213776617589,0.004114962230703434
06.csv,181774,c460-003,"1, 2, 3, 4, 5",0.06341782589381338,3.4058582866995404,0.043872965872515636,0.07477906296296358,-0.6426324114999044,0.004319090805199269,1201.7884231178,0.7729550329545956,31,-0.6425050592411842,0.00035327721080951344,0.0042376301385502095,0.0004861568717123237,1337.6,-0.6445892884285087,0.005993879686221567
06.csv,181774,c460-003,"6, 7, 8, 9, 10",0.026195179427025723,3.7162559329070097,0.06936579013607218,0.03570989331932606,-0.6425295277991143,0.004323953905593863,1202.138806333,0.8335789571078973,31,-0.6424690273474619,0.00035577337770524185,0.0027115543318521527,0.0003789984449037661,1294.0,-0.6446169904968387,0.006325859398423825
06.csv,181774,c460-003,"11, 12, 13, 14, 15",0.010735792690601095,1.1923301747539516,4.201519815830088,0.00027498451711796936,-0.6438801022071952,0.004418813802475507,1201.8474687338,1.6244095679163268,31,-0.6435825008526442,0.00115644930560655,0.10001676199763412,0.26564318342576865,1341.8,-0.6456479555221647,0.00674104054152014
06.csv,181774,c460-003,"16, 17, 18, 19, 20",0.010274548719137185,5.073112463746322,4.023159603770747,0.0003034095486874375,-0.6443138659749782,0.004512202045436028,1202.3454007572,1.965535577178756,31,-0.6439511436426794,0.0009633300985757035,0.08328272398950617,0.024099514744123494,1328.6,-0.6447011854250277,0.006943128861476046
06.csv,181774,c460-003,"21, 22, 23, 24, 25",0.11287876752536072,4.971810104419462,0.07258552951055702,0.02900158717618008,-0.6425095831918277,0.004327855396265315,1202.383569032,1.0086305381005558,31,-0.6425177142246752,0.0004023774024443778,0.007897547164623464,0.0007982336732978365,1358.6,-0.6446669046906991,0.00688597632344259
06.csv,181774,c460-003,"26, 27, 28, 29, 30",0.1809527549995938,1.8407775396965693,0.10390359262633705,0.0006201853650037218,-0.6431054861757646,0.004397429201748171,1202.1026083836,0.9169368528186869,31,-0.643419330545945,0.0005724814818552049,0.012276516574715374,0.0013994931595969768,1358.8,-0.6448302732874436,0.0028875483307005496
06.csv,181774,c460-003,"1, 2, 3, 4, 5",0.014046253918218485,2.2631604840382606,0.18547612842390823,1.403304216494312,-0.642635799468301,0.004334487278747609,1201.4386044906,0.6262802081952645,32,-0.6427234597926378,0.00039624357801822986,0.01675140391796828,0.0011702468770331416,1338.2,-0.645508385186138,0.004515970663805766
06.csv,181774,c460-003,"6, 7, 8, 9, 10",0.01055911461384602,4.19703418988018,0.09592133416094997,2.4177762635746873,-0.6423532790806117,0.004318728436091917,1201.5997095573998,0.8335789571078973,32,-0.642266675418064,0.0005444754524851457,0.004862136625273884,0.00041117900783485263,1310.4,-0.644907773269385,0.006839869102610444
06.csv,181774,c460-003,"11, 12, 13, 14, 15",0.011557525020739194,3.5296746278518176,0.5295371083987216,0.0038413218451146753,-0.6428776519857855,0.0043883530527338436,1201.6037086974,0.9169368528186869,32,-0.6427426346567952,0.0005974171900809499,0.031411570028744076,0.001769048499533389,1338.4,-0.6447857692034209,0.006200071381879254
06.csv,181774,c460-003,"16, 17, 18, 19, 20",1.6868720118746034,0.06661822272580965,0.011670242033874088,5.554036129461286,-0.6446598368859318,0.004397637930648166,1201.6155992709998,3.8302727899066134,32,-0.6438899785561683,0.0010836804004914701,0.015087963985812658,0.04030296696802381,1363.6,-0.6448193223297993,0.006937580633162825
06.csv,181774,c460-003,"21, 22, 23, 24, 25",0.0736615517600993,2.27130155529673,0.4175782001080961,0.00042104360022467716,-0.6431651132515366,0.004408045123614953,1201.4360727484,0.7729550329545957,32,-0.6432563087431098,0.000467983616066947,0.02750314597922965,0.002565458054615411,1303.2,-0.6450121959069137,0.00400154631133788
06.csv,181774,c460-003,"26, 27, 28, 29, 30",0.0345388682927028,2.757503981335028,0.01585793292195488,2.200874173912402,-0.6423748876715918,0.0043051760674573765,1201.5857159560003,0.688908229014791,32,-0.6424471420748517,0.00034025227263852025,0.0027779275139993447,0.0002652265792189274,1292.4,-0.6453026942322526,0.005957110110043977
06.csv,63917,c463-124,"1, 2, 3, 4, 5",0.01721971283859372,0.4057395939743397,3.2669320486104856,1.6640773795145205,-0.6437769648195396,0.002581530705920192,1201.2073999730003,1.3424872462118402,33,-0.6441658770697025,0.0005957221119264343,0.10353335664904961,0.43510856149109267,1233.8,-0.6461281123057203,0.00507938503188904
06.csv,63917,c463-124,"6, 7, 8, 9, 10",1.190279802971928,3.897283137425476,0.051327297256748144,0.16713693952730363,-0.6439972565646671,0.002310761925557053,1201.3140919082,1.9297985666845965,33,-0.6435282913691182,0.0004054582562242207,0.00585281797572709,0.003613624244102852,1275.6,-0.6441954784551536,0.005424272901560349
06.csv,63917,c463-124,"11, 12, 13, 14, 15",0.02840811052275168,2.298869495260637,0.7819910615530433,3.1651199233650087,-0.6431507482132813,0.0024655478566057566,1201.244378426,0.8335789571078973,33,-0.6431511960619715,0.0002828520416336659,0.04818821234411322,0.0026732873147591253,1235.2,-0.6446827521500755,0.005233505811611191
06.csv,63917,c463-124,"16, 17, 18, 19, 20",0.017679267022626052,5.108543125346961,0.01259255882556427,2.210130877638955,-0.642216882592562,0.0022948995921715392,1195.6478944152,0.9169368528186869,33,-0.6421698884364346,0.0003843291799416498,0.001088017469908872,0.00015251343227431837,1219.2,-0.6442359062122811,0.005725468598212311
06.csv,63917,c463-124,"21, 22, 23, 24, 25",0.13947209565155705,4.969447210656971,0.12169599065765385,0.012984690732820351,-0.642597974202905,0.0022538600669513354,1201.2115424188,1.1094935919106115,33,-0.6427290323035764,0.00028862012091702104,0.013285720190646033,0.001441040495823534,1244.4,-0.6442660659037313,0.005682646536462741
06.csv,63917,c463-124,"26, 27, 28, 29, 30",0.036206881468116965,4.931548592881006,0.05006371839286906,0.003981739751646838,-0.642463005927647,0.0022768174682945286,1201.2851261110002,0.8335789571078973,33,-0.642292626384785,0.00030885110229369724,0.003769576666109968,0.0006076069039487458,1244.4,-0.6442943558168257,0.005673148042718439
06.csv,63917,c463-124,"1, 2, 3, 4, 5",0.11154696790701965,4.236243574901569,0.011822833881178295,0.0025526963560954714,-0.6428345617835716,0.0023566451639232496,1201.4436597086,0.7577990519162702,34,-0.6428126903262714,0.0003600872280734012,0.012401057970030849,0.008573241287148134,1353.0,-0.6444364709833372,0.005470453647850563
06.csv,63917,c463-124,"6, 7, 8, 9, 10",0.018717467289305345,5.208616840036776,0.08682988808968507,0.0804381671252821,-0.6423282579082293,0.0022597726587526364,1201.323049379,0.9169368528186869,34,-0.6423374887970629,0.00026815675530764686,0.002351907823095091,0.00017785937718223596,1377.2,-0.6442490114758295,0.005707387528909051
06.csv,63917,c463-124,"11, 12, 13, 14, 15",0.013866159361143333,5.082886316892001,0.014971691522101975,0.03224633073001749,-0.6426449724867253,0.0023187535415543866,1201.3670540038,0.7577990519162702,34,-0.6426626950710669,0.000575249118823584,0.002110007608460393,0.002821975927297749,1329.6,-0.6442724176960195,0.005693113650342222
06.csv,63917,c463-124,"16, 17, 18, 19, 20",0.014067333440185542,3.3221603929299848,0.021915923545992314,0.00906328005600998,-0.6429368168509996,0.002315235257002513,1201.4059756888,0.688908229014791,34,-0.642959374398697,0.0004019165026665704,0.002440690479916736,0.003217609576359336,1330.0,-0.6446651276510477,0.004682244516670012
06.csv,63917,c463-124,"21, 22, 23, 24, 25",0.01991986951678208,2.814760607895231,0.1969864717655711,0.00012217629205612006,-0.6426335209660446,0.0023022082410245706,1201.354236309,0.688908229014791,34,-0.64296412299398,0.000499256983122704,0.0147962170043593,0.0011571461665763057,1347.0,-0.644805842402804,0.003966213346486994
06.csv,63917,c463-124,"26, 27, 28, 29, 30",2.5152034621231327,0.3473614122838948,0.010919847375595594,1.112113138734364,-0.6441903669276889,0.002311276224091997,1201.486938322,3.0504050768602626,34,-0.6442543418897455,0.0006660384612597751,0.013072552994690187,0.04485033522348743,1396.6,-0.643733037958259,0.0037038050417929906
06.csv,63917,c463-124,"1, 2, 3, 4, 5",0.2106528973173575,4.4490192412794265,0.0971927599143889,0.001026012831376613,-0.642703101829326,0.002234576450451875,1201.3087150156,1.1094935919106115,35,-0.6428337904257727,0.00033334365088579106,0.015427286504926502,0.001587327523204314,1358.6,-0.6443574513447091,0.005567245286599198
06.csv,63917,c463-124,"6, 7, 8, 9, 10",0.14704648594626427,1.3603729385249004,0.024067212521106447,0.3829319298208546,-0.643201554389424,0.0022570133343495177,1201.4067121826,0.7577990519162702,35,-0.6432000134540719,0.00028198146120368635,0.009286590692744453,0.00091280417787902,1339.0,-0.6454144254246494,0.001254418817917491
06.csv,63917,c463-124,"11, 12, 13, 14, 15",0.09517010837171085,3.016610695934631,0.021581390004975717,0.025971352016809977,-0.6428829146240144,0.002300332812292106,1201.572817388,0.7577990519162702,35,-0.6427360418545958,0.00025474563051400945,0.006476250496352888,0.000880584860058202,1356.2,-0.6446979968073111,0.004274115199627423
06.csv,63917,c463-124,"16, 17, 18, 19, 20",0.06575098690404489,3.299237515546057,0.026593326248513006,0.0011290381534684439,-0.6428494127066228,0.002308762728785119,1201.3233022028,0.7440208873359744,35,-0.642706378699402,0.00025351147612031314,0.0049017116608523256,0.00105037717432774,1361.4,-0.6446457032880755,0.004666015813112417
06.csv,63917,c463-124,"21, 22, 23, 24, 25",0.04538041665579791,4.85799115165562,0.015626665844487082,0.0004570483056454937,-0.6427419516235683,0.0023444702810976117,1201.3510189238,0.7577990519162702,35,-0.6425786841868979,0.00038218980421351437,0.006381856756043127,0.007038798539096032,1341.0,-0.6443096504970149,0.005660292868402936
06.csv,63917,c463-124,"26, 27, 28, 29, 30",0.013347130245499416,4.663736707678344,0.046399049286877006,0.00017993076343809228,-0.6424971390877552,0.0022848089049947364,1180.822578087,0.8335789571078973,35,-0.6424321557494986,0.00040992471646143867,0.0010010528901413648,0.00020693239856903802,1360.4,-0.6443593228101977,0.005617953835203634
06.csv,63917,c463-124,"1, 2, 3, 4, 5",0.2604388429512177,1.2394932802054048,0.040875134138311314,0.9613815860691053,-0.6431490793651417,0.0022542756042572497,1201.7412666426,1.0086305381005558,36,-0.643296368943626,0.0002993623916434007,0.016977179943741087,0.0015772456499331448,1363.2,-0.6457532849593334,0.0013950652538236574
06.csv,63917,c463-124,"6, 7, 8, 9, 10",0.08451630997905442,2.8641206255678493,0.025790096744323282,0.00839075930469109,-0.6429419292149406,0.0023010313465538722,1201.8894030534,0.7302427227556786,36,-0.642765498656952,0.00022659826943402902,0.00676199110403974,0.001283748805564096,1334.6,-0.6447123611564849,0.004025491561163734
06.csv,63917,c463-124,"11, 12, 13, 14, 15",0.03258044215235039,4.495055948632774,0.05831158540821018,0.00015142694848499955,-0.6424713522955134,0.002272416231997664,1202.1297429622002,0.8335789571078973,36,-0.6423604184159071,0.00031328846327549235,0.0022412408200416416,0.00029483191239205363,1325.2,-0.6443945292410111,0.005570317706075919
06.csv,63917,c463-124,"16, 17, 18, 19, 20",0.014869393890669536,2.9605291708924524,0.17461410496885807,0.0008509377060109187,-0.6425822310766082,0.0022945816702081715,1201.5439505412,0.688908229014791,36,-0.6426494769442925,0.0003285955523936456,0.01194816588633359,0.0009006770231241351,1383.4,-0.6447654457495882,0.004197803075077671
06.csv,63917,c463-124,"21, 22, 23, 24, 25",0.028962694675633734,4.897157524230574,0.12162328665639802,0.9778708812803125,-0.6423649100321543,0.0022978954365358286,1202.0778678246002,0.9169368528186869,36,-0.6422803668005288,0.00024066388990337374,0.00480563091630312,0.0003321686533086763,1367.8,-0.6443927649961125,0.005679673277300381
06.csv,63917,c463-124,"26, 27, 28, 29, 30",0.015443923458852022,2.4576902404975907,0.32821204096143114,0.002794876121402689,-0.6428041328460476,0.002345829558595254,1201.8603785205999,0.688908229014791,36,-0.642804339614908,0.00029418028460812695,0.023776016334808404,0.0013241618891959587,1380.4,-0.6449993449144086,0.0033597496512088555
06.csv,63917,c463-124,"1, 2, 3, 4, 5",0.07305338787452582,2.4093655928647846,0.013059955198180784,2.113367467936363,-0.64248980124914,0.0023027969851105922,1201.4742592163998,0.688908229014791,37,-0.6425781520737763,0.00028579833577860195,0.005627127454228154,0.0002731466716728669,1402.0,-0.6451017833918912,0.004342052243946932
06.csv,63917,c463-124,"6, 7, 8, 9, 10",0.010505089627639592,4.409957667601437,1.1897729290861916,1.4945458417562927,-0.6433408777781265,0.002477551946254092,1201.5616372234,1.2204429511016728,37,-0.6429751232901645,0.000589098893967215,0.04880315056632694,0.002933499666986251,1392.2,-0.6444979792488447,0.005636944584211197
06.csv,63917,c463-124,"11, 12, 13, 14, 15",0.05592091780022439,5.019451411589085,0.07011075734103442,0.26016599024104886,-0.6423683286996961,0.0022579721473710694,1201.6234685954,0.9169368528186869,37,-0.6423118341905458,0.00022653600191507932,0.0036093474445378316,0.0003099954065126758,1364.2,-0.6443084794645032,0.005687746966101641
06.csv,63917,c463-124,"16, 17, 18, 19, 20",0.019791722982434395,2.7956472845533122,0.06279805128194522,0.002706857561530756,-0.6427871749984388,0.0022752566110434266,1201.1195737721998,0.688908229014791,37,-0.6427627481571369,0.0002595746060232134,0.001845366072656511,0.00025020432228867694,1388.8,-0.6447515142662209,0.003896608730280043
06.csv,63917,c463-124,"21, 22, 23, 24, 25",0.06879988471789335,2.3726947066672484,0.23872618678802748,0.0006311776575176244,-0.6428984505632662,0.002307278959827565,1201.4498761952,0.7577990519162702,37,-0.6429103984128643,0.00026336455206444264,0.014242901571496066,0.0015905217452723546,1365.2,-0.6449522939306779,0.003185501893568288
06.csv,63917,c463-124,"26, 27, 28, 29, 30",0.017828823634662084,5.205590164013553,0.021883659371623617,1.4218412416040462,-0.6422098507708374,0.0022801701283586915,1100.8713729218,0.9169368528186869,37,-0.6421442742781109,0.00025349572854976203,0.0009998736781131525,0.00013351025216366824,1242.0,-0.644287076769947,0.005717935642385462
06.csv,63917,c463-124,"1, 2, 3, 4, 5",0.01297221542180738,4.211763993141617,0.07524644840836908,0.014051874795075997,-0.6424349119399699,0.002266471153781841,1201.6798673858,0.8335789571078973,38,-0.6425193351096234,0.0002713585598543015,0.0021469477828784966,0.00017383093677757864,1344.0,-0.6444744861482178,0.005454020030371111
06.csv,63917,c463-124,"6, 7, 8, 9, 10",0.07107178720986498,3.1103484380274065,0.18156112784335351,0.16732252454275862,-0.6426708521009868,0.0022943107705570473,1201.6391079680002,0.8335789571078973,38,-0.642778667308264,0.000249814006615185,0.010055180616091898,0.000887000485399529,1333.4,-0.6448349760266623,0.004449969930587631
06.csv,63917,c463-124,"11, 12, 13, 14, 15",0.1064437333107193,0.060316853103399126,5.509244107116996,0.07476872187532174,-0.6451492618669653,0.0025225128860844066,1201.762302603,0.9939595484554568,38,-0.6452255517559288,0.0009575039416439315,0.09376370197237013,0.15298817971647802,1378.4,-0.6444392292499644,0.005733991171189364
06.csv,63917,c463-124,"16, 17, 18, 19, 20",0.013420625974631919,3.623315803705149,0.018549091633352333,2.4855974063081185,-0.6422375762391036,0.0023110833054987546,1128.6075006286,0.7577990519162702,38,-0.6423298591593402,0.0002584193839128904,0.0009994814778022509,0.00013729965133518193,1261.4,-0.644571563368858,0.005474672726363715
06.csv,63917,c463-124,"21, 22, 23, 24, 25",0.10919680294001069,5.565488205708377,0.12376775779478184,1.3501128426350815,-0.6426453994006269,0.0023067389238063682,1201.8230799614,1.0086305381005558,38,-0.6427432020889794,0.0002940515602644359,0.01008591072028503,0.0006933950531448353,1325.4,-0.6441997046723503,0.00573526484441007
06.csv,63917,c463-124,"26, 27, 28, 29, 30",0.015435328154377844,4.896744906670284,0.20962882270563896,0.00948780156332553,-0.6424296253928373,0.0022964638877857337,1201.7118504294,0.9169368528186869,38,-0.6425154595423527,0.00030160064020462316,0.010717703428457837,0.0008525554641137835,1361.4,-0.6442990835972928,0.005670116674029547
06.csv,63917,c463-124,"1, 2, 3, 4, 5",0.037971241573593884,3.2446043880671986,0.028832577109666368,0.7718491436189899,-0.642379238482579,0.0022735215264056206,1201.4859263494,0.7577990519162702,39,-0.642372261634705,0.0001733164376705916,0.002269390468367161,0.00027391663452896623,1314.8,-0.6450356013745643,0.004671400598087305
06.csv,63917,c463-124,"6, 7, 8, 9, 10",0.02561496183140768,2.944740819355572,0.07882556678744429,0.0003067327095470885,-0.6426815590931125,0.0022698466610459917,1201.8230024978002,0.7577990519162702,39,-0.6427622540906924,0.00024050102838460658,0.0033016992140456934,0.0004343750010837598,1312.0,-0.6447303590754678,0.004151874061074102
06.csv,63917,c463-124,"11, 12, 13, 14, 15",0.8462735791759687,0.00010787889440477888,5.1657747418528634,0.07275355032743855,-0.6470092940343286,0.0026745596687215286,1190.6059510532,1.9106600685026005,39,-0.6441910643792532,0.0016055024861424715,0.0010532041692399724,0.001332477704112854,1374.4,-0.6446567407148064,0.005727553113675394
06.csv,63917,c463-124,"16, 17, 18, 19, 20",0.03494262129924603,3.247215175295106,0.21655232618084344,0.03607825893854358,-0.6426035055107316,0.0023044126543216815,1201.84723147,0.7577990519162702,39,-0.6426613374634025,0.00020841816270367574,0.015267510789103874,0.001400023987334842,1317.4,-0.6447297628724518,0.004629074656812815
06.csv,63917,c463-124,"21, 22, 23, 24, 25",0.040699532045632404,4.923428708231653,0.012974842945103912,0.0020574720259081587,-0.6427683895823856,0.002350835188897309,1201.5796673864,0.7577990519162702,39,-0.6426600360942848,0.00029589845250853976,0.006802757357790788,0.00860976831614275,1340.0,-0.6442967879682466,0.005671304581568813
06.csv,63917,c463-124,"26, 27, 28, 29, 30",0.022219303271993958,4.07119251829081,0.1327218786469443,0.005346988867417025,-0.6424223414663511,0.0022694418709878587,1201.6293791496,0.8335789571078973,39,-0.6423945047035525,0.00021124847961663098,0.006860631008185248,0.0005975028161165148,1295.2,-0.6445026294824657,0.005382767457966725
06.csv,63917,c463-124,"1, 2, 3, 4, 5",0.03965271820395844,1.7695519446862362,0.03313663993519423,4.169094538301481,-0.6425715207774363,0.0023614934286626988,1201.9960820162,0.6262802081952645,40,-0.6426084937253803,0.00023716574717456062,0.004619997076367297,0.0003138541776151577,1360.6,-0.6444499782883939,0.005547686539710691
06.csv,63917,c463-124,"6, 7, 8, 9, 10",0.024764895981634963,4.179951141911878,0.6237022117560411,0.47446544606338015,-0.6430148456663319,0.002414642084938394,1201.9940193336,1.0086305381005558,40,-0.6429656205767413,0.0002623628585533958,0.03038052075559684,0.0016482652728717264,1348.6,-0.6446174459407448,0.00548667237496301
06.csv,63917,c463-124,"11, 12, 13, 14, 15",0.09739368415062685,2.7416142175082263,0.23544036781175873,0.004772289898397846,-0.6428902918458981,0.0023043685748185723,1202.201921278,0.8335789571078973,40,-0.6428807694751508,0.00022395402398497663,0.013606035384244642,0.0010336312493419589,1360.8,-0.6448251763206487,0.0038785759811345672
06.csv,63917,c463-124,"16, 17, 18, 19, 20",0.2198775956614974,5.124571750626513,0.04809327248881432,0.006214634351365926,-0.6426620508349585,0.0022589510694240493,1201.8007893689999,1.1094935919106115,40,-0.6428166439915555,0.0002785578940604349,0.015434210082755345,0.003915757031925711,1337.0,-0.6442267875081634,0.005701955017872686
06.csv,63917,c463-124,"21, 22, 23, 24, 25",0.027929640465411798,2.738898195474253,0.01479986583327579,2.6827285301934904,-0.6423326575787469,0.0023205359976162933,1202.1298034101999,0.688908229014791,40,-0.6423941211192193,0.0001926741020779987,0.0017657451491242687,0.00016656946070928163,1344.4,-0.6447493457711221,0.005085496732551811
06.csv,63917,c463-124,"26, 27, 28, 29, 30",0.03683763502203905,4.475350681115989,0.047047287221567514,4.916041220628134,-0.6424506298523267,0.0023439320249827966,1202.2454122079998,0.8335789571078973,40,-0.6423348841259926,0.00033000626423434814,0.003251423837489294,0.0002029381249129106,1355.0,-0.6440689876755507,0.005745761577627681
06.csv,63917,c463-124,"1, 2, 3, 4, 5",0.011665440767845947,3.341927980338635,0.09244605394045634,0.00016516815129714285,-0.6425462209877646,0.0022693146027856393,1201.5833794802,0.7577990519162702,41,-0.6427230356778938,0.00032366956063188316,0.003312571736508305,0.0002466558547974566,1382.2,-0.6446679662585608,0.004718936397652121
06.csv,63917,c463-124,"6, 7, 8, 9, 10",2.771493259289122,0.005799541234127994,0.029642987413327868,0.22528971839050332,-0.6441062642798087,0.002324181981019686,1201.425541433,2.8777406385474174,41,-0.6439890007831908,0.00043522730963844536,0.010602422490626904,0.05102759144471233,1440.6,-0.6432144033263565,0.003977711239593103
06.csv,63917,c463-124,"11, 12, 13, 14, 15",0.25050200880467716,0.9813666766924621,0.18089354705603683,0.9596937577315054,-0.6437247785213873,0.002326205395523671,1201.6149645361998,0.9169368528186869,41,-0.6437681127022169,0.0003754271657065507,0.016284840954579646,0.0013482643818019207,1393.0,-0.6460950841942662,0.0010531072524576806
06.csv,63917,c463-124,"16, 17, 18, 19, 20",0.045186820111474624,5.196892285403572,0.032137665495287876,0.056140039431506174,-0.6424780948858575,0.002280042678772364,1201.3876630922,0.8335789571078973,41,-0.642351884494932,0.00021912161404767208,0.0026746694422490015,0.00031956523058834535,1371.8,-0.6442468611823252,0.005706083505065747
06.csv,63917,c463-124,"21, 22, 23, 24, 25",0.010378404970610138,4.144830828698913,0.048272069108227116,0.0002958818871977193,-0.6425519709334176,0.0022845816753233796,1189.4911249938,0.8184229760695718,41,-0.6425925527732231,0.0003502851466649892,0.0011881386370921876,0.000407413388601229,1342.8,-0.6444874893534072,0.005416988792792125
06.csv,63917,c463-124,"26, 27, 28, 29, 30",4.2412178077066605,0.0001384231341590887,0.047966242754305305,0.015024238553095717,-0.6438370193458856,0.0022783644349357894,1201.5458755962,3.2288249964502027,41,-0.6428159060096764,0.0003568049762826907,0.0330953448228085,0.5081778043176195,1387.6,-0.6430354438109378,0.005505829743219671
06.csv,63917,c463-124,"1, 2, 3, 4, 5",0.051499037071447075,4.498808124101868,0.19921948541279072,3.691356711581189,-0.6427058859477244,0.002366724282954719,1201.3140844368,0.9169368528186869,42,-0.6427374575162659,0.0002632364524621045,0.010715891478867725,0.0007834093447556598,1369.8,-0.6441393741702935,0.0057346205215265626
06.csv,63917,c463-124,"6, 7, 8, 9, 10",0.03184008556093317,3.254553681092225,0.0553421383386771,0.0025528180616779146,-0.6426804513378592,0.0022762164604854373,1201.8459717016,0.7577990519162702,42,-0.6425496648699619,0.00019249668278536246,0.002427114683558357,0.0003016644710791324,1311.8,-0.6446717387227581,0.004604624891849256
06.csv,63917,c463-124,"11, 12, 13, 14, 15",0.3829519659130921,1.697159857974349,0.03224250729146022,0.022173479792516028,-0.6430891177088588,0.002247643842376288,1201.7256601148,1.2204429511016728,42,-0.6432367049934283,0.0002822772593395538,0.011925411325298708,0.005841525134002873,1351.0,-0.6450452374063782,0.0018988249309435314
06.csv,63917,c463-124,"16, 17, 18, 19, 20",0.03840699347563677,5.013281003094534,0.2794459446976302,0.00044159864819163255,-0.6426107216939583,0.0023192074816038707,1201.5826543528,0.9169368528186869,42,-0.6425235885840167,0.0002836681366127347,0.015467416203404399,0.0012126914722504903,1339.2,-0.6442654191838991,0.005688821744410256
06.csv,63917,c463-124,"21, 22, 23, 24, 25",0.02421486985954918,3.2065735612611794,0.03231234863600942,2.145859846139534,-0.6423008002465698,0.0023103761395342768,1201.9012560868,0.688908229014791,42,-0.642310299259511,0.0001531838293244873,0.0015145425990570362,0.00012290959425563332,1371.6,-0.6448320672845987,0.0051254982463236134
06.csv,63917,c463-124,"26, 27, 28, 29, 30",0.14526699665811207,3.087156103847395,0.02337346095556224,0.4529815587986059,-0.6425926246163328,0.0022553959372185175,1201.9950063688,0.9169368528186869,42,-0.6426768036172181,0.00018904163611633228,0.00843866715285627,0.0007495697202670614,1372.2,-0.6449370032883368,0.004432736541580709
06.csv,63917,c463-124,"1, 2, 3, 4, 5",0.011801702234344557,4.893015668570749,0.21206289781899104,0.4432875726727076,-0.6424344801201739,0.002314036040012923,1201.5361545862,0.9169368528186869,43,-0.6424967084612208,0.0002698195261097509,0.011712323947604842,0.0009937710958211167,1342.4,-0.644367084797433,0.005672156036655984
06.csv,63917,c463-124,"6, 7, 8, 9, 10",0.020480465386035,4.952634844849943,0.5141293956502571,2.4903998999979255,-0.6429509894544913,0.002414807983168304,1201.7567554345999,1.0086305381005558,43,-0.642833866108435,0.00027402989495008855,0.026508315520946013,0.0014900810955849348,1353.6,-0.6442200314441334,0.00572561545439864
06.csv,63917,c463-124,"11, 12, 13, 14, 15",0.03108837369489493,4.774857132042591,0.07492301953467462,2.126962229965882,-0.6423447204934482,0.002310171258711524,1201.9096071524,0.8335789571078973,43,-0.6422609852241689,0.00018496250110575254,0.003214543076756738,0.00020649748414918286,1361.6,-0.6443204099497567,0.005699514112771603
06.csv,63917,c463-124,"16, 17, 18, 19, 20",0.05211963882885559,5.462292699992827,0.07030895978262479,0.0004722845584647768,-0.6424004925739876,0.002261784930621051,1201.6092183597998,0.9352755898750609,43,-0.6422881272670128,0.0002504832613883193,0.0031406011039059123,0.0003261025477268507,1384.8,-0.6441917583879948,0.0057254869327419
06.csv,63917,c463-124,"21, 22, 23, 24, 25",0.1293514678099327,2.9416121648724456,0.052749236034799134,0.0015241254900131803,-0.6427563537326627,0.0022594916988303735,1201.7157379666,0.8335789571078973,43,-0.6427244641428459,0.00021154081015104502,0.008488052680660586,0.0008718238003376962,1375.8,-0.644689847456352,0.0041731645327973505
06.csv,63917,c463-124,"26, 27, 28, 29, 30",0.010036191630367867,4.0558330325494065,0.028039801307168717,0.004277311433930828,-0.6427116403319149,0.0023098204706401846,1200.1321979303998,0.7440208873359744,43,-0.6427515455547563,0.00033827476814368696,0.0011502983738847354,0.0014497379868512513,1362.2,-0.6445112992169157,0.0053640233618056105
06.csv,63917,c463-124,"1, 2, 3, 4, 5",0.016657982291229098,4.514200575647067,0.07689607437644022,0.004221607570342643,-0.64240796369591,0.0022653900052282904,1201.648682313,0.9169368528186869,44,-0.6423796267590594,0.00020196949854769526,0.0018137662473284445,0.00016638455595321982,1385.0,-0.6443942479021895,0.005576415301782709
06.csv,63917,c463-124,"6, 7, 8, 9, 10",0.26707472989133463,4.791195584805627,0.013275727796618064,0.6354601923723212,-0.6426991620727553,0.0022513095631171934,1201.9697573066,1.2204429511016728,44,-0.6428573459007924,0.0003601156710028662,0.014613794211296141,0.0014449004891202081,1372.0,-0.6443728864336254,0.005661475161558469
06.csv,63917,c463-124,"11, 12, 13, 14, 15",0.0930721030373817,5.584459813093802,0.034586063655472864,0.0025034771670327007,-0.6425404538380375,0.002289885938057378,1201.9893466154,0.9169368528186869,44,-0.642503094414557,0.00021587818601718865,0.0073590879541259955,0.002579340641173431,1347.4,-0.6441709748168619,0.005731280697912475
06.csv,63917,c463-124,"16, 17, 18, 19, 20",0.010053505912816684,4.073417023035642,0.062061589367677215,0.6714100175363986,-0.6422809343751601,0.0022767771392511165,1201.6827222482,0.8335789571078973,44,-0.6423940712366277,0.0002616999462034149,0.0015767977787685765,0.00012721098805586862,1368.2,-0.6447014275564658,0.005400980562615149
06.csv,63917,c463-124,"21, 22, 23, 24, 25",0.05229261881786545,4.894240476398287,0.01257062691643323,0.5240370990954749,-0.6423364585204174,0.002262421594989095,1201.7980351702,0.8335789571078973,44,-0.6423292059301512,0.00026809423760107924,0.002583437881747188,0.00021412792635051793,1369.2,-0.6443742935614531,0.005670816376503711
06.csv,63917,c463-124,"26, 27, 28, 29, 30",0.01279275476547394,4.601866344529187,0.16595097537318032,0.1524582779051198,-0.642377354876839,0.0022884061980519388,1201.4564812946,0.9169368528186869,44,-0.6424889385232379,0.00024066202890054208,0.007512420166599658,0.0005906978090104689,1384.2,-0.6444060681562688,0.005606579840679764
06.csv,63917,c463-124,"1, 2, 3, 4, 5",0.010135766282750612,3.3918455465096513,0.1819600116041899,0.656825319435591,-0.64245171012676,0.002318086713609429,1201.5965452942,0.7577990519162702,45,-0.642579348150052,0.00022181036910210632,0.012064110027698246,0.0009465693140007992,1378.2,-0.644990250603328,0.004845081639096389
06.csv,63917,c463-124,"6, 7, 8, 9, 10",0.0285717520990082,4.845175014953694,0.0735621793795456,0.00015591343160279727,-0.6424002761428425,0.0022641728909926118,1201.7501620793998,0.9169368528186869,45,-0.64230022920975,0.0002281682493284164,0.002110752315071432,0.00023748979148070573,1353.0,-0.6443128142595848,0.005658647131128579
06.csv,63917,c463-124,"11, 12, 13, 14, 15",0.03528101577449543,3.93436299479315,0.14623253338485917,0.002009190294442392,-0.6424671756591243,0.0022729820583535752,1201.7118234214,0.8335789571078973,45,-0.6424129731420318,0.00017679315333186298,0.00727000513861787,0.000541216865069839,1332.0,-0.6445311578490953,0.005298040483678336
06.csv,63917,c463-124,"16, 17, 18, 19, 20",0.034674704177058306,3.9402818413717515,0.08432626166990514,1.7577868267775782,-0.6423655166772818,0.0023097104411314495,1201.945738027,0.8335789571078973,45,-0.642328290090693,0.00015375580846565558,0.0036646033261470055,0.00026129773933233886,1364.0,-0.6446780380589594,0.005461914389218864
06.csv,63917,c463-124,"21, 22, 23, 24, 25",0.06583317698386443,3.51304749240526,0.1087563509034578,0.2621135891672875,-0.6425155567976253,0.002271276704197002,1202.0563314832002,0.8335789571078973,45,-0.6425394538261128,0.00017418918228636463,0.005966364082286524,0.00045673906331152904,1351.8,-0.6447628748855574,0.004941240858137991
06.csv,63917,c463-124,"26, 27, 28, 29, 30",0.08883187304160539,3.849222596963743,0.09845473534031472,0.04433534307243269,-0.642534748650811,0.002256295859894929,1202.1005812458,0.9169368528186869,45,-0.6425801699690565,0.00016313656682709956,0.005608922677733691,0.00047223025412305476,1405.0,-0.6445531282008438,0.005239557128809881
06.csv,63917,c463-124,"1, 2, 3, 4, 5",0.15479943788331077,2.120868360155663,0.14346273026156478,0.00037223679516803213,-0.6430190717104127,0.0022668393772718315,1201.6665266136001,0.8335789571078973,46,-0.6431663879972138,0.00024374866202103425,0.011945282774191374,0.0009942857783176427,1371.4,-0.644956792695873,0.002687580907309865
06.csv,63917,c463-124,"6, 7, 8, 9, 10",0.011665535467144559,0.056212892181987766,4.509374776504892,0.1429125453583505,-0.644728470980793,0.0026206980718022402,1201.6354400546002,1.6244095679163268,46,-0.6455973531338586,0.001085012128245613,0.07318336767599225,0.6529321788624288,1401.0,-0.645324947646652,0.005616836794699017
06.csv,63917,c463-124,"11, 12, 13, 14, 15",0.040697568853712264,4.423884673068294,0.10894636195885059,1.4380572439619073,-0.6424034352927365,0.0023059419646758836,1201.5240570752,0.8335789571078973,46,-0.6423723910920718,0.00015695398159987006,0.005351488050175804,0.00033839072367132067,1365.0,-0.6445378711414098,0.005601621408557382
06.csv,63917,c463-124,"16, 17, 18, 19, 20",0.010482247493843863,2.4501547433980932,0.08429709602795887,1.1257578963272485,-0.6424499871327328,0.002314944203652669,1201.7301996296,0.6262802081952645,46,-0.6426835769332667,0.00023407609563947824,0.0047141472106533005,0.0003287722651200192,1373.8,-0.645350969599761,0.0035839485244375242
06.csv,63917,c463-124,"21, 22, 23, 24, 25",0.013576354948240561,5.126889114078774,0.046866365199553575,0.04517299974377771,-0.6424129385391977,0.00227360154422517,1176.3790231471999,0.8335789571078973,46,-0.6424049616444859,0.0002200729114046824,0.001098934905699351,0.00011486625840972295,1317.6,-0.6442636450074355,0.005698583997509885
06.csv,63917,c463-124,"26, 27, 28, 29, 30",0.4637848854410688,2.9101212100264213,0.010457078539325647,0.002734447109909819,-0.6432200751927465,0.0023500818959957146,1201.9050800056,0.9169368528186869,46,-0.6433480819668921,0.00038138872823019964,0.017561938209785254,0.019146711312848983,1378.4,-0.6445569506413302,0.0042230809915776504
06.csv,63917,c463-124,"1, 2, 3, 4, 5",0.017762537276861484,5.595573253999875,0.6787457760203317,0.4148553922312883,-0.6430845596104869,0.0024224463984494626,1201.4466123518,1.1094935919106115,47,-0.6429653382432367,0.0002652093482087704,0.029604313565687296,0.00149990844122228,1414.6,-0.6441836078193693,0.005734589871914092
06.csv,63917,c463-124,"6, 7, 8, 9, 10",0.013268288295984554,4.884383617875776,0.09051584588338778,0.00031568937633952044,-0.6423574355602227,0.002263040963953951,1203.686360057,0.9169368528186869,47,-0.6423163658686999,0.00024277311611999172,0.002464963611705122,0.0001570841087660334,1395.8,-0.6443062965294046,0.005665518413828977
06.csv,63917,c463-124,"11, 12, 13, 14, 15",0.010744068446720583,1.644483357573012,0.31641014924360467,0.0034524014255769317,-0.6431310957020447,0.0023587483548145587,1201.910932245,0.5693456438138768,47,-0.6432415323208545,0.0002875246603424974,0.03216249390480262,0.0019593242554627925,1333.4,-0.6454310789355966,0.0017554332354980209
06.csv,63917,c463-124,"16, 17, 18, 19, 20",0.012994961071241689,1.2561294737282054,0.017765563136946584,1.1692543326856166,-0.642921395421485,0.0023264898192264763,1203.0850487886,0.4534232775677755,47,-0.6435202312655006,0.00040036588096298417,0.0017533913850441517,0.0005686564277667521,1379.6,-0.6456078182649561,0.0015451590484429128
06.csv,63917,c463-124,"21, 22, 23, 24, 25",0.059565693835066345,5.099685530226617,0.10059958185622915,0.03229431964555008,-0.6424085166032956,0.00225679274754189,1203.440556296,1.0086305381005558,47,-0.642417333621436,0.00015831756518109335,0.004657910793382227,0.00046003947303511355,1342.8,-0.6442576366034468,0.005697035997410683
06.csv,63917,c463-124,"26, 27, 28, 29, 30",0.08063973175501257,4.199874520036,0.13238849761371754,0.0015796746416013886,-0.6425261061315648,0.002264116794503805,1203.4097453822,0.9169368528186869,47,-0.6425153905638131,0.00017116206760449227,0.006849952358946071,0.0005723149582266211,1354.8,-0.6444506828965675,0.005457614588903002
06.csv,63917,c463-124,"1, 2, 3, 4, 5",0.01421954837883671,2.3618363482901046,0.021887189153895963,1.265656158012885,-0.6424130221838116,0.00230036264513534,1181.4517758954,0.6262802081952645,48,-0.6425465785265411,0.00020106693699265446,0.0011821720362483518,0.0001965744687654432,1312.0,-0.6453381503849399,0.003511156917425133
06.csv,63917,c463-124,"6, 7, 8, 9, 10",0.020588006916228873,2.24066229005587,0.030463404469056418,4.0559264141844436,-0.6424208421103209,0.002352738555798271,1201.6337271752002,0.6262802081952645,48,-0.6424695394371552,0.00018220869582462418,0.0018654670826325267,0.00018182389366783755,1390.4,-0.64437271522755,0.005574941599643697
06.csv,63917,c463-124,"11, 12, 13, 14, 15",0.06051767516057259,5.45893045087132,0.16194510263272036,0.22223421001016888,-0.6424859946741552,0.0022864615728794765,1201.8624533008,1.0086305381005558,48,-0.6425170384090428,0.00018743384817485612,0.007507656743356149,0.0006070652088827682,1332.2,-0.6442070669637803,0.005726234101773781
06.csv,63917,c463-124,"16, 17, 18, 19, 20",2.5999769960516033,0.0015890331239800397,0.4048907809045951,0.17438783622302814,-0.6452614295412544,0.002479682692382391,1202.1030412768,4.06008915730101,48,-0.6447139993150228,0.0005849587721878132,0.002664822836274165,0.007436088365408257,1453.6,-0.6437101853911783,0.0038234505935612556
06.csv,63917,c463-124,"21, 22, 23, 24, 25",0.06671172494823865,4.743567106933234,0.09926914242246294,0.00021498933817506297,-0.6424402649032377,0.0022556255404486735,1201.6132683014,0.9352755898750609,48,-0.6424241371080887,0.00020130172429190117,0.005108338637257053,0.00044903129628070414,1373.6,-0.6443263151165711,0.005640262543942658
06.csv,63917,c463-124,"26, 27, 28, 29, 30",0.016095562798022444,2.7471127528405086,0.06420496737911373,2.0548858012077025,-0.642361513604634,0.00232394447496354,1202.0370581306,0.6638570206869805,48,-0.6424087629292577,0.00015570575395855652,0.0027380900640444784,0.0002042604777175221,1387.4,-0.6450271572844645,0.0046587482338539075
