fn,pid,host,thread,位sl1,位sl2,位tl1,位tl2,cv_logll,time,gen,paramid,prev_pred,final_pred,final_pred_sd
split_18-20.csv,5020,CNS-S-GD,1,2.5,1.0e-6,1.0,1.0e-6,-0.14296536149697633,120.44113812524999,1,2087,-Inf,-0.14290266671253715,0.00634167786031081
split_18-20.csv,5020,CNS-S-GD,1,0.75,1.0,0.75,0.5,-0.1430293770347075,120.31140993349999,1,1150,-Inf,-0.1431868970763477,0.006092596076391266
split_18-20.csv,5020,CNS-S-GD,1,1.0,10.0,1.0e-6,7.5,-0.14283925796490327,120.35859863325,1,1672,-Inf,-0.1429366108946761,0.007068354653651629
split_18-20.csv,5020,CNS-S-GD,1,1.5,7.5,0.5,10.0,-0.14301533643511685,120.228159004,1,1981,-Inf,-0.14302878381426232,0.006915221275785108
split_18-20.csv,5020,CNS-S-GD,1,0.5,2.5,1.5,7.5,-0.14296515156286002,120.33738772150001,2,874,-0.14296233323452529,-0.14300784448913334,0.006719987764678581
split_18-20.csv,5020,CNS-S-GD,1,1.5,1.0,0.75,2.5,-0.14278421804096178,120.35251044,2,1838,-0.14296575405886985,-0.14289485549172617,0.006571893768686241
split_18-20.csv,5020,CNS-S-GD,1,0.5,2.5,1.0e-6,0.5,-0.14320124490910455,120.34487640450001,2,835,-0.1429702991158688,-0.1431865341130276,0.006900314557133352
split_18-20.csv,5020,CNS-S-GD,1,1.5,1.0,2.5,0.5,-0.14285697248009427,116.86516119299999,2,1857,-0.14296777015881998,-0.1429538181767968,0.006786557526781465
split_18-20.csv,5020,CNS-S-GD,1,2.5,1.0,2.5,10.0,-0.14299121852291932,117.80101871325,3,2205,-0.14295711969554914,-0.14301308226915171,0.006973909803197585
split_18-20.csv,5020,CNS-S-GD,1,1.5,1.0e-6,0.75,5.0,-0.14215077683111207,120.27348974875001,3,1741,-0.1429547608781337,-0.1425966771460621,0.007068130781614343
split_18-20.csv,5020,CNS-S-GD,1,1.0,1.0e-6,0.25,2.5,-0.14298666112782388,120.27242841425,3,1383,-0.1429178197249111,-0.1429767263993722,0.006814119696718606
split_18-20.csv,5020,CNS-S-GD,1,1.5,1.0,0.25,7.5,-0.1428809833134129,120.3747592485,3,1826,-0.1429574769611956,-0.14302950105746434,0.006694265998629024
split_18-20.csv,5020,CNS-S-GD,1,1.5,7.5,2.5,5.0,-0.14298229872797677,120.34126227975,4,2007,-0.14288887815016094,-0.14301421478393808,0.007057395268070937
split_18-20.csv,5020,CNS-S-GD,1,2.5,1.0e-6,1.0,1.0,-0.14281272881608828,120.266346381,4,2089,-0.14291259332050338,-0.1428810714658718,0.006514117103469901
split_18-20.csv,5020,CNS-S-GD,1,0.5,5.0,2.5,5.0,-0.1429472090446493,120.32807556325001,4,929,-0.14288892455873883,-0.14299229142882053,0.0070536477306512545
split_18-20.csv,5020,CNS-S-GD,1,1.5,10.0,0.75,10.0,-0.1425108956016965,120.2835650255,4,2037,-0.14289084578691083,-0.14277654223514638,0.007068666953350883
split_18-20.csv,5020,CNS-S-GD,1,1.5,7.5,0.5,1.0e-6,-0.1423848781126037,120.2787477445,5,1975,-0.14286998105246182,-0.14271574690170863,0.006965371991678842
split_18-20.csv,5020,CNS-S-GD,1,0.75,1.0,0.75,10.0,-0.14300002836349368,120.31590984325001,5,1155,-0.14287352841081863,-0.1430362030772481,0.0070305486828563316
split_18-20.csv,5020,CNS-S-GD,1,1.5,10.0,2.5,1.0e-6,-0.14299108554037618,120.29292105275,5,2052,-0.14286998075351343,-0.14300889304563139,0.006713571226739714
split_18-20.csv,5020,CNS-S-GD,1,1.0e-6,7.5,1.0e-6,5.0,-0.14332862493948806,104.71224507374998,5,250,-0.14287082422150643,-0.1432002902426187,0.006700706769225597
split_18-20.csv,5020,CNS-S-GD,1,0.5,10.0,1.0e-6,2.5,-0.14309623551684658,120.30601882975,6,984,-0.14288140695244547,-0.14309634909232918,0.006582808457839034
split_18-20.csv,5020,CNS-S-GD,1,1.5,7.5,2.5,1.0e-6,-0.14299165029803773,114.7410620765,6,2003,-0.14285005335612577,-0.14299315494065495,0.006772022827524682
split_18-20.csv,5020,CNS-S-GD,1,0.25,2.5,2.5,1.0e-6,-0.14302340040594713,120.36882790075,6,533,-0.14288787119648816,-0.14309224659358202,0.006704486213385805
split_18-20.csv,5020,CNS-S-GD,1,1.0e-6,1.0,1.5,0.5,-0.14364612855852268,120.303414734,6,135,-0.14292469414734954,-0.14334554098504632,0.006635791813994018
split_18-20.csv,5020,CNS-S-GD,1,1.5,0.5,1.0e-6,1.0,-0.14297349734439188,120.35158844825,7,1767,-0.1429232290983642,-0.14295838728362711,0.006609836591728934
split_18-20.csv,5020,CNS-S-GD,1,0.5,7.5,2.5,7.5,-0.1429779836028251,120.27192835775,7,979,-0.14293358221909397,-0.14300973397378064,0.007069680959221775
split_18-20.csv,5020,CNS-S-GD,1,1.0e-6,10.0,0.75,2.5,-0.14321181740539654,120.32201418675,7,319,-0.14298727316712995,-0.1431303853052955,0.006611666268687876
split_18-20.csv,5020,CNS-S-GD,1,1.0e-6,10.0,0.5,5.0,-0.14321568293379405,120.32724498975,7,313,-0.14294205708289992,-0.14313470163927033,0.007048244350332151
split_18-20.csv,5020,CNS-S-GD,1,1.5,7.5,1.0e-6,7.5,-0.14279091838986718,120.32501032125,8,1966,-0.14295756317992625,-0.14288600585005606,0.006699823471598071
split_18-20.csv,5020,CNS-S-GD,1,0.75,7.5,2.5,1.0,-0.1429921553830982,120.25261919475,8,1319,-0.1429555006788382,-0.1430075968575979,0.006869263557907333
split_18-20.csv,5020,CNS-S-GD,1,1.5,1.0e-6,0.75,1.0e-6,-0.1425902904141491,120.2935497105,8,1737,-0.1429654852837787,-0.14284910116790167,0.006429952857697897
split_18-20.csv,5020,CNS-S-GD,1,2.5,7.5,1.0e-6,7.5,-0.14278320319548604,120.3294304565,8,2309,-0.14295599067586554,-0.14288431649960534,0.006703204361780085
split_18-20.csv,5020,CNS-S-GD,1,1.0e-6,2.5,0.5,2.5,-0.14349764148966854,120.26759272950001,9,165,-0.14294913676039314,-0.1432661134948671,0.0069829533468937196
split_18-20.csv,5020,CNS-S-GD,1,0.25,1.0,1.0e-6,1.0e-6,-0.14379403634190052,120.34251343575,9,442,-0.14301997504277872,-0.14339703543621332,0.006634533022640402
split_18-20.csv,5020,CNS-S-GD,1,2.5,5.0,0.25,1.0e-6,-0.14287147027528083,120.29189261975,9,2262,-0.14292843051303175,-0.14295100396015242,0.00704433003500441
split_18-20.csv,5020,CNS-S-GD,1,2.5,1.0e-6,1.5,7.5,-0.14225375580097452,120.33475846125,9,2099,-0.142923745768348,-0.14256539918668232,0.006647807074839522
split_18-20.csv,5020,CNS-S-GD,1,0.5,5.0,1.5,1.0,-0.14286789834734753,120.28656476525,10,920,-0.1429533064551063,-0.14295708006489816,0.006685249630644603
split_18-20.csv,5020,CNS-S-GD,1,1.0,1.0,2.5,10.0,-0.14302741280680717,109.937859099,10,1519,-0.14296367986881087,-0.14302788880578804,0.006935421718184336
split_18-20.csv,5020,CNS-S-GD,1,0.25,7.5,1.0e-6,10.0,-0.1431293798837772,120.36555751275,10,595,-0.1429639882645841,-0.14307971461672717,0.006918613018998817
split_18-20.csv,5020,CNS-S-GD,1,1.0e-6,10.0,2.5,5.0,-0.14310127850179286,120.1830300245,10,341,-0.14297230121558058,-0.14307235118708622,0.006958784002425914
split_18-20.csv,5020,CNS-S-GD,1,1.5,5.0,1.5,1.0,-0.14299141734904036,119.02859488,11,1949,-0.1429238587415926,-0.14298016972058286,0.006657506152788264
split_18-20.csv,5020,CNS-S-GD,1,1.0,5.0,0.5,2.5,-0.1430005087436126,120.3026560475,11,1586,-0.1429598650177226,-0.14301696477325493,0.007026345483832651
split_18-20.csv,5020,CNS-S-GD,1,2.5,10.0,2.5,0.5,-0.1429815467533554,120.23211333575,11,2396,-0.14296943746349014,-0.14300755383108632,0.006790939801641986
split_18-20.csv,5020,CNS-S-GD,1,2.5,10.0,0.25,2.5,-0.14284656728729453,120.33124349100001,11,2363,-0.1429694649527588,-0.1429474666518835,0.007053654101614163
split_18-20.csv,5020,CNS-S-GD,1,1.0e-6,7.5,1.0,5.0,-0.1432033495004399,120.2620189405,12,278,-0.14307721385955763,-0.14316241138585262,0.0066903775385063645
split_18-20.csv,5020,CNS-S-GD,1,1.0,5.0,1.0,10.0,-0.1427361758588409,120.25974768974999,12,1603,-0.14296310451467645,-0.142890782782751,0.007069868836499978
split_18-20.csv,5020,CNS-S-GD,1,1.5,10.0,2.5,5.0,-0.14297201766223425,119.887362077,12,2056,-0.14298669436191555,-0.14301350159633858,0.0069664700178885845
split_18-20.csv,5020,CNS-S-GD,1,1.5,2.5,1.0,2.5,-0.14299258792566963,108.47297154374999,12,1894,-0.14300803708902737,-0.1430206415356651,0.006893583346244476
split_18-20.csv,5020,CNS-S-GD,1,0.75,7.5,1.0e-6,2.5,-0.14308439154311658,120.27169038525,13,1278,-0.14296493794548223,-0.14307401505862402,0.005883868964061671
split_18-20.csv,5020,CNS-S-GD,1,2.5,1.0e-6,2.5,7.5,-0.14264473242477294,120.32827500025,13,2106,-0.14274809800731156,-0.14274143301691594,0.006701341616227312
split_18-20.csv,5020,CNS-S-GD,1,0.5,7.5,1.0e-6,2.5,-0.1431015356508768,120.33292469425001,13,935,-0.14296839889478846,-0.143077927430018,0.005883777632685733
split_18-20.csv,5020,CNS-S-GD,1,0.75,2.5,2.5,7.5,-0.1429866523585104,119.0088208905,13,1224,-0.1429620175832887,-0.1430019233813664,0.006728118632734915
split_18-20.csv,5020,CNS-S-GD,1,2.5,7.5,1.5,0.5,-0.14295589602309547,120.34876155399999,14,2340,-0.14287942917915028,-0.1429444026503102,0.006882578488468844
split_18-20.csv,5020,CNS-S-GD,1,1.5,1.0e-6,1.0e-6,7.5,-0.14263803277631215,120.29767178025,14,1721,-0.1428774111743641,-0.1432250901160584,0.00661724775672565
split_18-20.csv,5020,CNS-S-GD,1,2.5,0.5,1.5,2.5,-0.14283899286248603,120.31480509125001,14,2146,-0.14290168380831328,-0.1429025417026259,0.006861470826020203
split_18-20.csv,5020,CNS-S-GD,1,2.5,10.0,0.5,5.0,-0.14299740987630666,120.3238620005,14,2371,-0.14296366099273947,-0.14301868367767745,0.0070616882464039805
split_18-20.csv,5020,CNS-S-GD,1,1.0e-6,2.5,1.5,1.0e-6,-0.14338272616851205,120.32998204399999,15,183,-0.14309151821215849,-0.14324286600947644,0.006594650603592962
split_18-20.csv,5020,CNS-S-GD,1,1.0e-6,1.0e-6,1.0e-6,7.5,-0.14856977338556354,119.35110852275,15,6,-0.14290996569378894,-0.1456926939244978,0.00696454040420821
split_18-20.csv,5020,CNS-S-GD,1,2.5,0.5,2.5,1.0e-6,-0.14298879649995022,120.22487607125001,15,2150,-0.1429170862776572,-0.1429815424558287,0.006779190277558533
split_18-20.csv,5020,CNS-S-GD,1,0.25,10.0,1.5,1.0e-6,-0.1430225851654067,120.29915730225,15,673,-0.14296011685432064,-0.14303623309787164,0.006940759662084593
split_18-20.csv,5020,CNS-S-GD,1,2.5,2.5,1.0e-6,1.0,-0.14267160164586684,120.31947063550001,16,2208,-0.14304199831447184,-0.14285365990719848,0.00703899724024946
split_18-20.csv,5020,CNS-S-GD,1,0.75,10.0,1.0e-6,0.5,-0.14313565000311548,120.29387737299999,16,1325,-0.1430469649385971,-0.14308579362153587,0.006995977926141646
split_18-20.csv,5020,CNS-S-GD,1,2.5,5.0,1.0,5.0,-0.14269810708676992,120.28263800125,16,2287,-0.14305356956388676,-0.14287059031018684,0.00697410853257973
split_18-20.csv,5020,CNS-S-GD,1,2.5,5.0,2.5,5.0,-0.14298476351845454,114.59633556050001,16,2301,-0.14304816358606182,-0.14298343404439257,0.006958569159603967
