位sl1,位sl2,位tl1,位tl2,cvlogll,final_pred,final_band
0.1338746878641328,-1.1340306620037364,-1.780385469424745,-0.5851387252375329,-0.5190912018975294,-0.5190983217199365,0.002587693971764486
-0.11000863476962139,-0.2564312889329216,-0.12059522472446883,-3.0642438877744946,-0.5259568729995525,-0.525934360130442,0.002596134180428465
-0.7880572494954807,-3.102227020292591,0.6404512440375463,-0.5582577158174189,-0.5224915205746636,-0.5223783819517565,0.002584474293469663
0.6892974926000073,-1.6634470408049373,0.29149037415312407,-0.06032157056405474,-0.5134146164322438,-0.5114000478086075,0.0023056446699856376
-0.9326386676071114,0.16383527462401037,-1.2104169605110537,-0.11621870858641081,-0.5255352671447107,-0.5255029094226565,0.0025815314509498575
-0.8508645645852744,0.27608079789604734,-0.03007559997147789,-0.9255135407852846,-0.5250176907470534,-0.5250681722584603,0.002568888324989018
-1.1810905569421608,-1.342706041036052,-1.8205386823469936,-2.691063360473561,-0.46912966975030185,-0.4705695623014476,0.002139276565373607
0.7315399190458969,0.24907721822837026,0.621684887911846,0.5214717547844527,-0.5190194261007071,-0.5193627970383228,0.002538650476076166
0.6509411897447226,-0.9757104666882168,0.6789090757392704,0.583360082742578,-0.519459123611824,-0.5194120141126075,0.0023532752013865495
0.27203283127698175,-1.4593446906677245,0.3469027778227866,0.7163787782219568,-0.5254424512633367,-0.5249882859485607,0.002442528894920479
0.6314525792113135,0.17201047958807617,0.43815974801247126,-0.7066715853434444,-0.5221301160453888,-0.5207047449279025,0.0025482452462479294
0.6521589213097934,-1.8509816470834282,0.15142512098281455,-1.0258336110778767,-0.5193451575779432,-0.5235185393567012,0.002477997763358882
-1.5382890479999505,-1.7319764923959795,-1.6568474878595232,-3.3912734453112083,-0.44464801381998226,-0.43882382357908667,0.0010311826775076358
-1.6746937389192174,-1.8502255720917389,-0.7510427021448287,-2.7962257057565365,-0.43357592676437406,-0.43517464057877375,0.0013884669934171652
-1.8129421112068478,-1.2777328671840325,-1.211691965970493,-3.5680746856372103,-0.4868737914518638,-0.4766448411672911,0.0020957406944133107
-1.702107359992747,-1.5510809994649466,-1.8133653583510168,-1.8019984409437386,-0.47450691929234984,-0.46701100113211563,0.0021207809113351853
-1.7701224774160118,-2.572024130772671,-1.4407763961678586,-3.4693486617417735,-0.40817094007794585,-0.40760124432091366,0.0005296396544695556
-1.5998812160510638,-2.6745150810113723,-1.2883522416173936,-2.650282565745601,-0.40664212411190537,-0.40540514770368286,0.000442675137876533
-0.6691829482528471,-2.7259428773585723,-1.0894337737799282,-2.5424704229229738,-0.520232639297556,-0.5013651103014445,0.0018922011977894903
-1.4535846679592082,-3.3947197994201406,-1.804604849733062,0.10229441679541385,-0.5176888483280028,-0.5168388058371529,0.0025499655308812807
-1.6608165368671874,-3.8292610272795717,-1.7415251038109254,-3.6094835814705246,-0.4098402124133226,-0.40765854696527704,0.0006938223225840298
-1.9708094565145706,-3.6801497327901225,-1.2530663161038058,-2.7298837031139347,-0.41525234096872776,-0.41498212075861857,0.0007320547556250474
-1.9896603870699883,-2.667024305596572,-0.959986028268025,-2.528089304919231,-0.4160100997346464,-0.4201527213174088,0.0008091115247543439
-1.226175738403628,-3.3332809646756205,-1.2998074711280327,-3.6125473630336056,-0.4134711400542413,-0.4293161481818764,0.000975305258521024
-1.6737414618171493,-3.598515520033159,-1.4174063126710557,-3.5603538685337712,-0.4091168874798251,-0.40854495949062497,0.0005132626456208676
-1.2430143331804469,-2.949866072532592,-1.7228923210744136,-3.481135950082934,-0.4094622505243347,-0.41768728340801947,0.0005735166749169407
-1.5541540977013593,-3.6366087569222256,-0.33612953868767037,-3.6533055252510254,-0.4886681511917302,-0.4726700714623557,0.0021399200938954244
-1.899702667247707,-3.0103622965884975,-1.414621751899186,-2.791496739014428,-0.4063829784444355,-0.40870464486296065,0.00048291230431360454
-1.7849716550773946,-3.562142549287758,-1.2875527631189723,-3.6137964878960545,-0.40743042481667224,-0.4106336212655197,0.0005509295900980259
-1.91062632282088,-2.604874462508503,0.40648351502702695,-3.176077862141236,-0.5177796611627798,-0.517618998729784,0.002433876444326285
-1.581542149755037,-2.4361330288846657,-1.1239318719573226,-3.4169050643541046,-0.40692838466911335,-0.41079361315673424,0.0005875776678601279
-1.5275262833810141,-2.8797476948560234,-1.6147622183031656,-3.8859222347171936,-0.40856084059989295,-0.4059617787534474,0.0006070500149726956
-0.8979297480051425,-3.6115782328066137,-1.9454851485801712,-3.6847321754314954,-0.463789403502685,-0.452541653986037,0.001619341262950763
-0.9767081115153662,-2.6937838740221918,-1.3204557897987623,-3.5610692491853766,-0.45353506990274167,-0.44684885069786984,0.0011217138805855401
-1.4563082229405193,-3.061701653264135,-1.4548748238272355,-3.1481025263670674,-0.40747540759967055,-0.40890523831599784,0.00044721441970732963
-1.6997708243463991,-3.178994592947417,-1.2206259309790823,-3.37380832207307,-0.40687563822519357,-0.4087243797956338,0.00048240432880020264
-1.6848659057815363,-3.41736269592806,-1.7647324703625764,-1.8317501039454527,-0.4092127442768735,-0.41360071218942024,0.0006795785047034721
-1.5528758825703761,-2.700689069788936,-1.1221071514283938,-2.647186355608618,-0.407572374623555,-0.40959759410119145,0.0005222353905231486
-1.7602459281629157,-2.3520258800361833,-1.8909134891791386,-3.360113741400877,-0.4174375399405479,-0.4173297422784975,0.0007676119193625849
-1.6752260235196834,-2.7071683740642363,-1.5859157094964575,-3.480029678367302,-0.4072915686807527,-0.40513335547030843,0.0004432681538463009
-1.4176539527035852,-3.1619303721215113,-1.561866392153095,-3.118603198307313,-0.4093349555508641,-0.41043485730465507,0.00046031724295738573
-1.687861756345625,-2.9958796532471452,-1.7624141432080473,-2.963880310581085,-0.4076033017355827,-0.40494626867297184,0.00041988597031725503
-1.8809394756552327,-3.0097361988418534,-1.7441387949746177,-2.4592431468692286,-0.41026098360400687,-0.411388240410539,0.0006017402766978602
-1.9282735102813615,-2.763713479149257,-1.8272240218576759,-3.93955192856901,-0.413214992058396,-0.41810655840067495,0.0010498262034382975
-1.8336606651283796,-3.582884307675132,-1.8424829930989477,-1.2425835499266498,-0.45310707828167907,-0.44095617713678453,0.0017168812677367492
-1.9038648061171062,-3.1378243938007566,-1.4571397195719775,-2.4970207032785785,-0.4082575285245862,-0.4095226200671821,0.0005064168713143823
-1.732071962963951,-2.7797620073538147,-1.762698572892539,-1.977008940745986,-0.413288142094136,-0.4117254438782136,0.0007200070537615434
-1.7026787401754226,-2.383801396528236,-1.9346796526661432,-2.83084096022649,-0.4136035405171718,-0.41449591651835815,0.0007670079763463995
-1.2316703674713902,-2.4396635753369904,-1.9118037360637583,-3.4760907459278068,-0.4115373035497024,-0.4172231012822927,0.0007478992589195594
-1.8981770393768962,-3.4688738868521,-1.7849123961982514,-2.398667848726377,-0.41080704398705753,-0.4140971634088927,0.0006950375343549332
-1.3024754004480665,-3.744386215631769,-1.5330518108996225,-2.2780578221785044,-0.4095576145138772,-0.418130911966111,0.0007537054471597633
-1.6802718869801558,-2.3399639732844575,-1.505584396561805,-2.8716438101194113,-0.4104717537274801,-0.4101081319677131,0.0005467264760816967
-1.9234143676184816,-2.9267701981825462,-1.5354789397864144,-3.4495804264166594,-0.41014507753156393,-0.4111021473770941,0.0005999278697263442
-1.970586561243308,-2.6155207322310288,-0.9312300145536936,-2.0715219389769874,-0.41898029382514473,-0.4243198403098718,0.0009323424045070162
-1.6220541041944152,-3.287611640422961,-1.4403968352948346,-1.923512209940919,-0.4065742478060138,-0.4086160528527129,0.0005259623977381784
-1.8941022961918141,-3.8954354049159723,-1.3440592003806884,-3.9034051797869846,-0.4079435338937699,-0.4111803693181297,0.0012175507488264967
-1.8444474504640622,-3.2690820990272593,-0.961703449017961,-2.881016498681655,-0.4120932906291981,-0.41777073506275464,0.0006403988957888045
-1.916023467353593,-2.5038649290888677,-1.9910583691226849,-3.1273549832026184,-0.41688905905733814,-0.42335229654809564,0.0010075723026233257
-1.9267469304451708,-3.98839788667205,-1.2016247547626024,-3.276294858433556,-0.4116689900315672,-0.4143418379632029,0.001026683379836282
-1.4225385133098583,-2.5706978573783497,-1.3534825035582299,-3.3229651086982566,-0.4081825319436452,-0.4103569191778795,0.0005291727977910567
-1.5201864719248421,-2.7776874788212957,-1.5089285790765938,-2.7415679405640105,-0.4073977147774812,-0.40446444847302826,0.00041526655936179914
-1.7405181135333012,-3.3025860547979313,-1.417299963440666,-3.1518539480132612,-0.40663810392822863,-0.4064391511966478,0.00040506006447581553
-1.7004127885780398,-2.0372198584854027,-1.2250417517285708,-2.9471550883822264,-0.4197835620906879,-0.4210686179566685,0.0007665368249403727
-1.817238847638537,-3.552324944844378,-1.293971371248969,-2.2621061663104665,-0.4090527121209867,-0.4094755360232086,0.000524408394521251
-1.3341524530556024,-2.875917183930156,-1.835586618172203,-3.810286193886298,-0.4078947635468949,-0.41120939048890226,0.0007459711119318311
-1.7256735570597526,-2.5011660833918237,-0.9870673146627515,-3.130484366946594,-0.407852670717444,-0.4124061580629302,0.0006007197922817799
-1.910730912074953,-2.468758546473792,-1.7135496929498264,-3.5905892325595565,-0.41863090425148286,-0.4189780994400879,0.0007882101597877553
-1.8663744206502009,-3.514804206721265,-1.0826143809363873,-3.762544743638462,-0.4105663311177271,-0.4165159062415731,0.0008375301635338353
-1.4476834918720762,-3.198668293338538,-1.6983251202731464,-3.159645706667077,-0.40917869001623774,-0.40899585645554026,0.00046147487100952847
-1.7489590120331426,-2.7002500448731848,-0.8401735798694221,-2.9600675345996263,-0.4128384766676489,-0.4175767843818935,0.0006868752722816847
-1.629654083735884,-3.701887557296087,-1.4810870029258267,-2.6635256668379386,-0.4080452445026156,-0.40648453855326816,0.00043595064076462316
-1.3874515023914475,-3.1903421589411955,-1.9434704916979766,-3.2383838621657874,-0.407756666091551,-0.41198311115091596,0.0006679590713221102
-1.9554804976339752,-3.1342718625144608,-1.2232246710843475,-2.3382034997845142,-0.4109303875056847,-0.41396521323253765,0.000620235045394691
-1.8828045031208764,-3.7483688733859823,-1.4099670292520492,-2.4809449729184516,-0.40821809216392974,-0.4099714819728969,0.0006324234725021484
-1.522906582985005,-2.775693187361899,-1.4651177912652678,-3.0067895667974556,-0.40783909279869646,-0.40500055583121275,0.0004091069674794356
-1.8072314220080892,-3.344639482921724,-1.7572974857770238,-3.5326260841662322,-0.4092067498355904,-0.40951637439026894,0.0005777419730586756
-1.5983475047375584,-2.174538379869373,-1.7466135348161846,-3.0161456845866033,-0.4165230745402654,-0.4166110776739554,0.0006625709453819032
-1.8338143029831933,-2.8146689431870904,-1.8173083170838447,-3.2056459542961395,-0.4118014359707215,-0.4108369982857258,0.0005505446254226392
-1.9347080187501624,-2.9518497723202444,-1.9757899438839097,-2.7465828405323425,-0.41462685768619095,-0.41859531611317397,0.0008838329277939339
-1.5324961248767224,-2.4517782182118095,-1.8131058128393334,-3.232943671487881,-0.4074080911793073,-0.408825266220903,0.0005137954139135434
-1.4356918474414964,-3.774674681674777,-1.9101634387248685,-3.770782651782022,-0.4081157297739678,-0.4116794585415562,0.0010162346641701548
-1.6457786001289267,-3.5909754455790095,-0.9614117737920438,-2.44575769862991,-0.4116038479196904,-0.41818791305385455,0.0007977464845932036
-1.4869999470123187,-2.8947055380461335,-1.4349828477953197,-2.6407617353044293,-0.4077065288970294,-0.40594684494334293,0.00043259859753639126
-1.8416945805385116,-3.2479252321764234,-1.958121359469203,-1.9135774316263099,-0.42084599261279926,-0.4201453624485082,0.001029772292856247
-1.3945229286559484,-2.051461175404862,-1.4570331001663013,-3.83448126660825,-0.4128396632541791,-0.42141819811040987,0.0008031349110765633
-1.6540077319458026,-2.5017239787488124,-1.4119041882082055,-2.7750917635096233,-0.4080420179442637,-0.40605986699082447,0.0004653421683724244
-1.9420440483078545,-2.5307739203435364,-0.6878834176104216,-2.1676524756891835,-0.43344754826615883,-0.4316399398755458,0.0011565005130188362
-1.6493043750022527,-3.067310717691956,-1.2164850500192403,-2.1133294912069074,-0.40726176363556704,-0.4082401720597317,0.0005045116233321564
-1.9697093979784264,-3.4009193130988375,-1.5489284087497253,-2.9639699156770396,-0.40852593670745047,-0.4137396490111172,0.0005969166911098126
-1.7377464685162818,-3.1576625310588198,-1.3926453392478,-2.7476584684471117,-0.4066332778617328,-0.40484305329843673,0.0003678292214346264
-1.212528176793258,-2.057075354156809,-1.2812415637049341,-3.9615941126009706,-0.4258380685537266,-0.4284838176689001,0.0012047442267896153
-1.7520631517203364,-3.149771786975051,-0.8889188044205669,-2.894718849308897,-0.4116978837379587,-0.41925052028065407,0.0006627918442162815
-1.3951345275888112,-1.8043926544252606,-1.9370601667955236,-3.7938197756210217,-0.43285974324647236,-0.4347401288150717,0.001514151920415606
-1.704380354397809,-2.5896866989838543,-1.9657304181323487,-1.9473203676011366,-0.4158373045680251,-0.4173307485235028,0.0010724371053499756
-1.973370374975954,-3.12316616480235,-1.2342301478507391,-3.1294433999502247,-0.4097103024212691,-0.41355419651418407,0.000654319843681217
-1.6778700144288603,-3.8869806945866685,-1.4688771032706995,-1.6510831552005025,-0.41258464737563755,-0.41469305104016774,0.0009432742648165943
-1.680127982581481,-3.413733113508864,-1.1006135848316139,-2.7815057775683925,-0.413153103189347,-0.4126591944174011,0.0005115595478925659
-1.7905991578862035,-3.7838229651929085,-1.6538509652565523,-2.760549280888191,-0.4121778239755066,-0.40821034998739597,0.0005755843618625024
-1.428704408675323,-3.3874829495753893,-1.4920632306631354,-2.9451118009134016,-0.41102706160105773,-0.412049020440871,0.0004879919522218188
-1.929490578669073,-3.941963137003981,-1.1397556449945851,-3.3459600619411636,-0.41429782833604845,-0.4164103299770881,0.0010240560392976137
-1.9647484933639516,-2.9602973782328754,-1.898673063913158,-3.1066482361483456,-0.4244387972426983,-0.41881126823449616,0.0007957280803673553
-1.2808934218185914,-2.7087595064774015,-1.6299796034044187,-3.390047636752814,-0.4108402987571438,-0.41467933128260165,0.0005282940306347384
-1.3924815856844295,-3.9829038215695114,-1.4590133123782116,-1.7922684319182416,-0.4108275733682339,-0.41491857899646223,0.0010755920709887882
-1.8289888544475352,-3.194547835536885,-1.2070593869069652,-3.622417474095948,-0.4126321241473456,-0.4103991619315693,0.0005947539648037022
-1.2542958110676823,-2.219583041560124,-1.6609114783819274,-3.144031500960215,-0.41534026592651474,-0.4210261644556445,0.0007462017905836923
-1.9054463638536168,-3.125671563393824,-1.4486370594428202,-2.2121940991582174,-0.4152201759774864,-0.41124760211219585,0.0006009455154421765
-0.9362345995429042,-3.5147039744130972,-1.4831689491808646,-1.3801480698143722,-0.4704072924056931,-0.4568322815323414,0.0020018652552587154
-1.7503687275904327,-2.2157266759136807,-1.9343684325630153,-2.9026971361214557,-0.42829303930618556,-0.42217225445579964,0.0009702342672612519
-1.9680418233742283,-2.455434384996526,-1.0716282667669137,-2.7068840296165138,-0.4128137100968153,-0.4182824836516558,0.000847401963677552
-1.4060657738602322,-2.626456704354434,-0.9999047473413487,-3.603702299591824,-0.41404856381090366,-0.41935917402500433,0.0008603064186510259
-1.527504971126687,-2.561080226360701,-1.8457233773624084,-3.791148002948957,-0.40899452589180124,-0.408662412628734,0.0006780175215260177
-1.5339459516632103,-3.177438317935569,-1.5422096082868741,-3.78048299111816,-0.41104792789661404,-0.40702520783987867,0.0005400320175984831
-1.574860031831475,-2.5066968283047375,-1.415991142875774,-2.4752351193914985,-0.41064879809856886,-0.40659701614907234,0.0005048697041291289
-1.4350934344874753,-2.646827985910408,-1.145050731381281,-1.909185886842387,-0.4125935118678587,-0.41605240737698507,0.0007310581956357191
-1.8621408284266336,-3.8996845114252907,-1.7102610984052822,-2.3769666552438875,-0.4164528148301828,-0.4113713156790037,0.000919404669705571
-1.714690050459419,-3.1572219143659543,-1.4576915961279138,-3.9511320233267955,-0.410939683627623,-0.40650991458847446,0.0006761308178442777
-1.8422650165740588,-2.6571084034103025,-1.361495475337743,-1.9746119541965332,-0.4169143652391452,-0.41376444996633355,0.000713835854089264
-1.5396226944305171,-3.395183365735022,-1.6429790198395633,-3.7971637241722878,-0.4109589799656931,-0.407767688216326,0.0005894806390961706
-1.5020787562852975,-2.466131373138559,-1.2609436396204103,-1.3638844431755488,-0.4265513011093243,-0.42732882553262574,0.0012990927051733255
-1.8424850280151999,-3.6256861651310475,-1.867611334949409,-2.154763788629097,-0.41512070822936187,-0.41563240637899085,0.0008758742488915585
-1.4309495995637829,-3.604442583589008,-1.4884013803828333,-2.0089811694540956,-0.41007201995926046,-0.4122694768300852,0.0005686699942934146
-1.8342330821856683,-3.1960042101326804,-1.3920237066278904,-2.059104903371282,-0.41225953132140897,-0.41014305506475024,0.0005835021320413224
-1.7136975078618153,-3.7344049287050987,-1.2961328092215378,-2.796701673369703,-0.4118044273262543,-0.4085498399986828,0.0004970220777020285
-1.9033927115788156,-2.688226598657485,-1.166858344031343,-2.4142886980510916,-0.41076473078678466,-0.4125701338760644,0.0006018385941204713
-1.5032484274093678,-3.9069784280243938,-1.8176428046694546,-3.445339041474387,-0.40965138213052465,-0.41034948069557453,0.0008317760415725744
-1.4533628443233744,-2.19483809081308,-1.6539758466951027,-2.1557782821337677,-0.41472257923043154,-0.4182775411177277,0.0008681580839051165
-1.7663148300052829,-3.2945662196962857,-1.756459541913487,-3.983381165509416,-0.41164041205106594,-0.4085816014418147,0.0008951699085727588
-1.3500633069076378,-3.012982343134141,-1.8991894686550408,-3.0994670198124545,-0.4087528409406526,-0.41186213565208235,0.0006072107344310912
-1.734864913147297,-2.818022015260814,-0.6528688807263507,-1.6149477856375567,-0.4405941240749458,-0.43654867260238034,0.0014250497906888979
-1.904264466768042,-3.919768301014109,-1.876949497358873,-3.248237355056604,-0.4119143673132829,-0.4144625533009724,0.0010492057806166986
-1.620623817291079,-3.5058656962613073,-1.5179337122871406,-3.3450331147546457,-0.41067411914452234,-0.40758827882685394,0.0004509439657882766
-1.7978135790994323,-2.7297805378092477,-0.8166415877572175,-2.0726596007597013,-0.4212703762602792,-0.42242507674836655,0.0007914753064714279
-1.8831142798449079,-3.9680822482522555,-1.994113693263973,-3.633387818005297,-0.41149961566356835,-0.4138555582631481,0.0014565498175349286
-1.67977357732279,-2.5028162767393396,-1.456625131444528,-2.5018277448499227,-0.4124046471255495,-0.4068067710465782,0.0005062328333268752
-1.6684007111250077,-3.909579669706155,-1.3536175456941806,-3.34978790011209,-0.4115834010612923,-0.40925361862153886,0.0007559155394242674
-1.929247392699514,-2.795914321598411,-1.260028217237572,-2.587162211359496,-0.41162261368701447,-0.41126645551386387,0.000581896171520599
-1.5218458545074114,-3.2906944743331783,-1.8974876928127797,-2.5401148568993657,-0.4084872749238103,-0.40812956250098936,0.0006257579162791523
-1.607862021077335,-1.8983446199644813,-0.8253657538207086,-2.466744550536598,-0.42833841769134473,-0.43238290960751713,0.0013663870404460275
-1.5154467010472932,-2.6208572344628602,-0.9951345176224362,-2.828687208567986,-0.4118305301925348,-0.4148802245287047,0.000646676781279574
-1.7046204606357176,-2.380506718075346,-1.2126923483339263,-2.0904042352903307,-0.4121746937358227,-0.4138654168786817,0.0006597992079390514
-1.500808697622185,-2.9855256424387515,-1.885887283246783,-3.931412307577585,-0.4093889098390962,-0.4074502514815398,0.0008695978414241063
-1.4881471291956978,-3.9664434876198507,-1.836801834127138,-2.310420750630262,-0.408874096632167,-0.41119441526991546,0.0010651231505955782
-1.6839554080267591,-2.5638369675017536,-0.9257008850427251,-3.6375301857726283,-0.41090128329069675,-0.4139600413357081,0.0007382567442264559
-1.900230850811488,-2.109297888641499,-1.6685627506033522,-3.94506070133065,-0.43427470431793314,-0.4310571931330466,0.001351778962267785
-0.8508472778418867,-3.8976064609923324,-1.9615063461099125,-2.8959282029667435,-0.4783753716867582,-0.466057578166126,0.0018773555077319793
-1.5768326273576188,-2.625299181781126,-1.8956822736937968,-2.9683926603884014,-0.4093179382797059,-0.40677607689236567,0.0005251553618834004
-1.6559897324191815,-3.3539801587451232,-1.148540520785703,-2.6702779488185833,-0.4122264521961904,-0.4105613241535993,0.0004748302522819094
-1.6780302892669194,-2.7054566840689596,-1.7694135195782366,-2.4421057894150793,-0.41090546253232424,-0.40634160606179887,0.0005162694498734668
-1.7061036933629814,-2.7297601837467846,-1.6145124857450768,-3.438267514060894,-0.41035265388291664,-0.40548398553260906,0.00044131204587338817
-1.8105518847623692,-3.9996466155872317,-1.7187595046358832,-2.8495527804462224,-0.4118344926010356,-0.40869203029883056,0.0009049520496496983
-1.7444318658535942,-2.924223746930604,-1.9733319153492546,-3.0364420013769533,-0.40954472559423893,-0.40936838529695935,0.0006471865546008299
-1.129516032812671,-2.5335600679313237,-0.9163177297790899,-2.163008667111475,-0.44553529951702836,-0.4414408250043085,0.0013003488495513865
-1.9173342131963358,-2.72056135620611,-1.50446905934821,-3.964536417304781,-0.4102195594924886,-0.41316959066648973,0.000882875010658747
-1.7939702590067994,-2.1136275428540516,-0.7530583957497397,-3.5198120013629834,-0.42464505751682485,-0.4255467489002497,0.0009988427733879503
-1.7330525405024357,-2.1791225265823493,-1.1367140911165152,-3.1776296186299753,-0.4135918157003592,-0.41628377805285166,0.0006784053138585091
-1.88481272839168,-3.043440846497511,-0.40688676924371503,-2.24249929846582,-0.4692387650284119,-0.45195647621675944,0.001518300436239578
-1.5443670594603311,-2.8731866000866955,-1.9712369984482403,-3.7838218994613895,-0.40857562389083657,-0.4076229808778921,0.0008165703818011824
-1.877917699233162,-3.4495856495464787,-1.4696469080899814,-3.9753446779556447,-0.41224036549809207,-0.41038185983557257,0.0009145739921414905
-1.33516447533058,-3.4819427952427784,-1.492214870227671,-3.8550480730870738,-0.41134931920027273,-0.41713567186208894,0.0009657314034544015
-1.2059769807483618,-3.6792412749126964,-1.8933127888884338,-3.695802557107681,-0.410777036008205,-0.4239277820436493,0.0010241209361880393
-1.3481866681583214,-2.475281314888464,-1.9615938717785797,-3.4246474165377503,-0.40828512765810865,-0.4122509759841167,0.0007112773699123831
-1.5306708057618825,-2.663736517305794,-1.981534025933227,-1.6918569528572758,-0.4154905387969746,-0.4192031528539756,0.001374020412655212
-1.6796960820114795,-3.992653418290569,-1.0322537983160212,-2.061244734455892,-0.4137880099957121,-0.4128404309204918,0.00120520674859875
-1.4859114242905267,-3.470766594204015,-1.5152075148594513,-1.9646190025638384,-0.4097807263823617,-0.4105299100377587,0.0005284011486375975
-1.3253360816520083,-2.8116373021661833,-1.1898128683422948,-1.5409616369009131,-0.4208402720352235,-0.4254298118407644,0.0010269923044671258
-1.7180624511141538,-2.9425800026275533,-1.4591653888347125,-3.7783983026888075,-0.4097986014383639,-0.4055585042694616,0.0005038494927832905
-1.695933829087053,-2.918390775461692,-1.2912654909344103,-2.5380829139923717,-0.41029122511939126,-0.4047367326542506,0.0004108777902480812
-1.4151612123344195,-3.502988548900179,-1.4275058103603275,-2.7660413245438935,-0.4108216457376465,-0.413606288886286,0.0005394016735111201
-1.9901931725435515,-1.94202374416317,-0.8488659267309306,-3.917645749736113,-0.4275376905194812,-0.43450813137980526,0.0016994829699546225
-1.091954063036642,-2.119142008096985,-1.5880293344408798,-3.9936201975304786,-0.43434167164711307,-0.43082776293626135,0.0011737468432285925
-1.3554920049337513,-2.3979375374442,-1.3359257789647923,-2.7033454947574693,-0.4132190981394318,-0.4150318767646341,0.0006489281287805667
-1.7512318814186103,-3.490118528152204,-1.2362436856051824,-1.8704271537234751,-0.41274702492032206,-0.41280585468504216,0.0006936626172446171
-1.7000078699545071,-3.324022012348235,-1.4045011170973374,-3.4784323062751312,-0.41099541343990476,-0.4071042697464211,0.0004481614066328605
-1.717751260522077,-3.674373695189326,-1.548870865195627,-3.209957273555094,-0.41022790784565244,-0.4075270788932068,0.0004585546054079961
-1.5744695733735705,-3.9693932920375334,-1.3143596518402885,-1.493892267463241,-0.4165845052024686,-0.4181284488436614,0.001348454295331144
-1.9216824639654093,-3.127546486627204,-1.2676991284039933,-1.9133501220120936,-0.4164958260318513,-0.416658177120316,0.0008324046767762669
-1.559510507148495,-3.1918091011397998,-1.1420135668155194,-2.1542383668213483,-0.41120938529746676,-0.41140490787054584,0.0005807782543310204
-1.623634232051831,-3.6288465509632326,-1.4815487494592912,-2.5774131942024052,-0.41023102168762476,-0.4062295298321036,0.0004107544022604118
-1.5953025577646136,-3.6351520471801133,-1.886796370053842,-2.145657581211891,-0.40994705595096476,-0.4113136856067885,0.0008045737704453204
-1.8457221684069725,-3.949246165066581,-1.3359964015894958,-3.815820369525239,-0.41320493518231194,-0.4101538384730851,0.0011323286590962677
-1.3913001967399703,-2.4769488178211567,-1.5795612476156926,-3.3597354858126236,-0.4101636241237256,-0.4106318142009181,0.0005177780929178879
-1.913598934243065,-3.230706142248389,-1.917933133474242,-3.215403709940982,-0.4125038853210611,-0.41607387945493485,0.0007861175573268505
-1.7137872609419995,-3.769835338324538,-1.4161314199052208,-2.6719181460667,-0.41061911731891804,-0.4066347987855804,0.00047806203640180764
-1.4496458802438772,-3.4047649446259483,-1.3557983806568452,-1.6445674372999557,-0.4117555685357378,-0.4175279769399529,0.0007770684737433346
-1.8280906303150986,-3.51157766841105,-1.4069339787626616,-2.879781592074562,-0.4120624298775441,-0.4084402993909544,0.00042797434398835263
-1.8509875136225933,-3.1684405783196308,-1.8696245526431279,-2.887051824571395,-0.41498105567717775,-0.4117040174263527,0.0006155844718350854
-1.8656066316380477,-3.5626008317374795,-1.2431292273505363,-2.7012336124821754,-0.4138845955576862,-0.4111589624748347,0.0005177008571449828
-1.6416494372754475,-2.1306585056660374,-1.5534569596881467,-3.1569522974854958,-0.4208243433397886,-0.41726155699412215,0.0006599132593367858
-1.3855213780389972,-3.393645365127818,-1.7823955222119392,-2.1706594164261435,-0.40828218024224794,-0.4131831404149564,0.0006999113653535433
-1.6147038989818996,-3.686492985988909,-1.5673704069935472,-2.781591275043274,-0.41045157020745365,-0.40679041878687233,0.00044079985596477185
-1.9966436696400067,-3.4267537135113497,-1.3786659222536315,-3.582002623139721,-0.4144932647720065,-0.41505532799598077,0.0007712164629426837
-1.6770837203126931,-3.2867747055595045,-1.5509812920224832,-1.997811765985869,-0.4111536487710018,-0.4077866679043711,0.0004941873977773753
-0.8705682087106537,-2.8870279122598896,-1.7224367604910866,-3.0700485196345553,-0.474201556579804,-0.4577932771983365,0.0012263740690098785
-1.4882620595643605,-2.419457590721046,-1.4532739342310972,-1.9691880538253375,-0.4138394439767244,-0.4131760703361206,0.0007366728608813755
-1.8791979251209208,-2.2857122169365676,-0.5555467841889854,-3.5564049922853336,-0.44470609399488115,-0.4309860300153579,0.0012381707368791127
-1.8368893429815012,-3.2057133779933986,-1.5942986945948447,-3.762907781600328,-0.41957689687966776,-0.4088207997729393,0.0005882014644716442
-1.6055801554585931,-2.8162619602941223,-1.5062676698182127,-3.971026089422791,-0.4092767952934543,-0.40569755323477197,0.0006897828848465227
-1.7062015822460472,-3.0298226264357293,-1.4752636984662917,-2.64773367770444,-0.41207951995138536,-0.4035084899509108,0.0003739606095127614
-1.8555557135324086,-3.8240796364601746,-1.184923898810486,-1.8375995376237184,-0.41626917466839347,-0.4160815437384424,0.0010790630452917002
-1.4095817886732283,-3.3989052746321526,-1.5665907400282406,-2.601780470639244,-0.4083334598046192,-0.4113616732326445,0.0004927730557168472
-1.5187063220460288,-2.912620404825673,-1.3090723952293617,-3.2193747606613705,-0.41048369758995423,-0.4078015025070807,0.0004584978223096088
-1.037052009686587,-2.0392481968973435,-1.722991748357527,-3.949253990656599,-0.44390877635966397,-0.4351642741796259,0.0013642068334188534
-1.4682442849606225,-3.0621704546316644,-0.8463474021518622,-3.119935115576057,-0.41744718504234174,-0.4285988074553592,0.0009036777243384371
-1.534482360740571,-3.178757481239968,-1.2260963164189496,-3.4553543044622956,-0.4086635579223078,-0.4116891299764157,0.0005498208871130393
-1.6456679919660746,-2.005040767714145,-1.1975702767140524,-2.2031371301189218,-0.4222429286627447,-0.42477229013718365,0.0009918550314169992
-1.5052771897887114,-3.6550950367959736,-1.6220964978166539,-2.4422598136124187,-0.40893097310081894,-0.4083951574734092,0.0004898470671996022
-1.6821699376115147,-3.670623216851085,-1.9415052380576672,-3.6553494030459617,-0.41040616522868534,-0.40973940378268325,0.0008547691314360026
-1.4654189125513397,-3.856279282986901,-1.1727925749612695,-2.8929171689706252,-0.4104874377795986,-0.41772126181076835,0.0009612260070764793
-1.6477281290641452,-3.1140227011120025,-1.4714754078409271,-2.7177662708687516,-0.40950164475327433,-0.40372630159199496,0.00036552006446328837
-1.748889657320831,-2.8501960465148817,-1.5657612003994972,-3.5158383870994188,-0.40959389609064367,-0.4056429428067822,0.00044777686578670735
-1.9799996214329076,-3.298643427968453,-1.7149919909655615,-2.8209148935120907,-0.4093030316911376,-0.41604987782721037,0.0006699173357854254
-1.3026265967553825,-2.50151284129521,-1.5874522640285895,-3.3695592330282653,-0.40982990590809887,-0.41431095886930663,0.0005548500603537966
-1.5709786439448683,-3.777406824897733,-1.5879745742905875,-2.633036627660938,-0.4089330319501216,-0.40713259432560367,0.000505582175119907
-1.139462798663255,-2.860900151930373,-1.9918268281009988,-3.451689096764213,-0.4171843980382201,-0.4229972449775992,0.0009094837673837755
-1.536613026547217,-2.538601621168153,-1.9860812447856095,-2.327712960905066,-0.4085363292209843,-0.4105356923509553,0.0008470639799095394
-1.443286254056126,-3.4119785188048812,-1.7689492285994348,-3.6090996804362936,-0.4092357809708195,-0.41067396070028545,0.000549017160799313
-1.6401295708754249,-2.851351706749999,-1.444182289196843,-3.9525612320089474,-0.4094695089813681,-0.40567006427062935,0.0006684943064771144
-1.466952160646821,-3.6363838359270004,-1.39865293548597,-3.2805692536174558,-0.40881922193293396,-0.41377954403348005,0.0006380410150749288
-1.781897387235619,-2.6765382979778316,-1.9001621141074754,-3.963811694694549,-0.41421498104392446,-0.41368416001841657,0.001013848314063401
-1.1387137971098038,-2.157704285041206,-1.912394924016768,-3.428798365063019,-0.4258728959336529,-0.42693279506583776,0.0010285269078828124
-1.8090230109185996,-3.369165245791815,-1.5961625298991846,-2.2634451095800197,-0.41088580107733474,-0.40833590876298215,0.00048559966641586983
-1.476400929035466,-3.2400321485083534,-1.87379844133573,-2.3053744120466764,-0.4069541265477842,-0.40906155329753485,0.0006560501395531311
-1.3871909695207854,-2.747485098299415,-1.9408667231959835,-2.4076200516016746,-0.40736265622240947,-0.40985562478285786,0.0008030295969711356
-1.79070948107614,-3.2728178282889764,-0.8688660576847673,-3.99451796460709,-0.41561262874090155,-0.42176936961068556,0.0013328231146654474
-1.3873949919477435,-3.0223690604192255,-1.8603494800114475,-2.9539028543294994,-0.4083731812134528,-0.4100169907439313,0.0005642499583345466
-1.9307295959549742,-3.5795118724387756,-1.229849649306554,-3.194455105449329,-0.41366570685280124,-0.414431991151899,0.0006303759429776523
-1.8937239988498258,-2.6808449718956906,-1.1681398497818363,-3.7640547783980196,-0.4115332005703559,-0.4114632574511677,0.0007870315412288264
-1.1593657165040612,-2.6920606693463296,-1.9555926283245362,-3.366526284465443,-0.41613818206066605,-0.4208981359751562,0.0008231487586547661
-1.4247635589207963,-3.4889298329475666,-1.641490588224768,-2.0698804867515284,-0.40818075621794775,-0.41186297597321914,0.000584735669659306
-1.7399716422102989,-3.630053268525426,-1.21199742071395,-3.778028373663208,-0.4124867283526479,-0.4123062043839648,0.000737880923112882
-1.7708379741501117,-3.702884901524394,-1.0764218889053028,-1.9851996890552752,-0.41505356999359666,-0.41489843689783124,0.0008521150458572461
-1.82584042792779,-2.645562451081969,-1.5290327401260908,-3.4409471295675775,-0.41036706014798463,-0.4088161899512103,0.0005403585770918543
-1.7598216881805808,-3.9430618439924903,-1.6073977908644075,-2.07506732708598,-0.409005596791759,-0.4090206801246023,0.0008622292726330422
-1.46862280920307,-3.1525576495230716,-1.7087062749436248,-2.5894000126814265,-0.40762138918692103,-0.406936643711051,0.0004695433949975933
-1.6754078690010363,-3.1270213379251723,-1.4487570289221605,-2.872769289131426,-0.4107913698488388,-0.4041513644494991,0.0003630821675179604
-1.740646599791186,-2.710299002517945,-1.699720447518338,-3.7396538055000885,-0.40980828461952284,-0.4081255311039164,0.0005348956459551483
-1.6113022733580047,-2.2498703260394537,-0.7504855968539357,-3.4979748862189135,-0.42466843176284386,-0.4232721793111578,0.001006444779236065
-1.9959856708051196,-2.2022606835839786,-1.3205362328629344,-1.8131553815665828,-0.4381746442969489,-0.4356575796583749,0.0014908678880793337
-1.7280437810699512,-2.511501861717168,-1.024794163765174,-3.9851385042332113,-0.41105003412998975,-0.4121402012476357,0.0010332929720533854
-1.6028363793147886,-3.244459773861326,-1.7328021207816229,-3.631794144229153,-0.409226366540718,-0.40643383661064936,0.00048542716314567495
-1.4123066732806009,-3.755196989873066,-1.848510182193981,-3.2507893688665694,-0.40890583098491085,-0.4143043935758876,0.0007110941657681881
-1.7981476622041959,-2.862906649188566,-1.5761117432245149,-3.2356876487948814,-0.40871540502136494,-0.40628247350487445,0.00044553681041630114
-1.4701015482303263,-2.301748767047762,-1.2814519768585746,-2.7696341504403996,-0.41032901359389023,-0.41297553538308457,0.0006111351981875526
-1.6061486131176153,-2.2813110040186197,-1.5686753919538792,-2.491790947862019,-0.4123055098515258,-0.4121782648700655,0.0006112403401221149
-1.559471389873127,-3.556634131145656,-1.4175220934844324,-2.989881001645203,-0.41087089209847794,-0.40909440188486107,0.00046059090214221535
-1.6271479027877847,-3.285230149250719,-1.654163504490515,-3.194172377146262,-0.40983791575252126,-0.40578619018754475,0.00042176602469346105
-1.6457961303734385,-3.9401784132035695,-1.2537779960730722,-1.9556877569741111,-0.4097848090598967,-0.4091453919078195,0.0008127420434592354
-1.6131749173617278,-2.2443526105944724,-1.4579381966545615,-3.9400054170566463,-0.4116067227001203,-0.4138879566837171,0.0008115536579325716
-1.8016998134191844,-2.993900004015396,-0.9783007513343163,-2.7892249771638484,-0.415126552514797,-0.41396175144045566,0.0005645923054020029
-1.5780528583579403,-2.6612326042333434,-1.1251603710824654,-2.8812343723729734,-0.40956175630999053,-0.4091006449451662,0.0005038013231603379
-1.5159507501470624,-3.5426551822290775,-1.535053999466516,-2.482630433319454,-0.4092733252879162,-0.40774201865526266,0.00044121223262726973
-1.3968176030160662,-3.1003409962024095,-1.5024480582984698,-2.449124911677103,-0.4090715361656218,-0.41002752643433255,0.0005008668855478337
-1.37416018031872,-3.903964580297049,-1.7387422944493391,-2.8451276573756252,-0.4085732612247256,-0.4151898545644135,0.0008140529689451629
-1.5464653175846879,-2.806086546778317,-1.3700735938513313,-1.7902609232237827,-0.4092380140232426,-0.4114505603966823,0.0006342962196000866
-1.536627137312038,-3.3496940290535124,-1.5352208547679775,-2.8254677295955295,-0.40926485679555713,-0.406892949223316,0.0004070244993622592
-1.4865319528870127,-3.989599928287322,-1.2926381188417364,-2.66577020516591,-0.4110596913382551,-0.41117486791753466,0.0009629728689288902
-1.9683143563565437,-3.8517445340972873,-1.540368660651318,-3.351988454952708,-0.4142704639529352,-0.4135392347632503,0.0008052713983491764
-1.015936067323904,-2.7379715240969995,-1.3204492945402468,-3.9467477874585972,-0.4438665444656088,-0.4388386444937386,0.001396556131996449
-1.9132213879012854,-3.1092687243817485,-1.254101653384739,-2.8201842884336124,-0.414066749182295,-0.4105326192813372,0.000508472309786313
-1.657672446336821,-3.102278024590517,-1.5279747623948954,-2.598328373121142,-0.409210749207776,-0.4034290902829069,0.00037343939364781854
-1.9683081859175275,-3.231214893823139,-0.9481368555264211,-2.57660079734456,-0.4190149382542098,-0.4213532430276581,0.0007658840913506221
-1.6166072556455633,-3.3161755536647264,-1.7719600647139695,-3.2468266965346633,-0.40914040305580424,-0.40675837952225596,0.0004800243970903598
-1.3666783205215802,-2.634274650720422,-1.9405317573918084,-2.770460122538687,-0.4077160469872666,-0.410222311322781,0.0007096785601616235
-1.747977280210896,-3.5301009977418043,-1.3459933031653453,-2.631937675695875,-0.40942283390822876,-0.40715323311434115,0.0004023585367792325
-1.3258082340023827,-3.4131858544023097,-1.2352269571154528,-1.9519674632219144,-0.41221886004790165,-0.4206784718806747,0.0008130143325164896
-1.354140105705757,-2.556774602085191,-1.9202850755844403,-2.3873104148305373,-0.407790653127755,-0.4121134316571684,0.0008908147456830475
-1.5339225686819646,-3.3512832083875854,-1.207578109986045,-2.0028146052473144,-0.4100257750308035,-0.4119416640765994,0.0006123687397086996
-1.6757207096502376,-2.7573796229165923,-1.9488165520698826,-2.724297860422411,-0.4080359388300991,-0.4076395754897124,0.0006090457810763533
-1.675489010970241,-3.2691042787438476,-0.9508092290761616,-2.483267428696872,-0.4148286963843164,-0.41688864077409366,0.0006448965862895736
-1.4390395437674348,-3.976562902105061,-1.4527770975395837,-1.949008691955893,-0.4085959465058336,-0.41129392849206486,0.0009091680496235956
-1.5885915966330018,-3.4788681346640318,-1.774082587797335,-1.6391041685569991,-0.4124190173397785,-0.418103398334155,0.0008674838573239275
-1.54856448600574,-2.3967487196969692,-1.257258702696654,-3.250797413120488,-0.4093071768503117,-0.40973539844559437,0.000548897846199637
-1.3946150913639623,-2.5378783426674874,-1.4321462154380546,-2.6087428787178695,-0.40922644874551173,-0.4104754377308454,0.0005595872012701998
-1.8742110268378733,-3.5642333450572004,-0.8980350075261916,-3.1837488780183136,-0.4180699927222785,-0.4242185833161959,0.0008808675890446184
-1.4297296567282822,-2.660946589815596,-1.257597853776706,-1.8374216613255117,-0.41031324615809606,-0.41501784976699174,0.0007183056920970651
-1.8579121021006937,-3.0895833473917693,-1.4300188844309134,-2.6892307295629254,-0.4087299809348247,-0.40721973569562087,0.0004339998565947043
-1.5593907236058921,-2.8008680208509498,-1.7018479579206,-2.646264158275293,-0.40876145796515584,-0.40394299875582,0.000428420501458302
-1.6709681633831888,-3.3603627432919385,-1.4648700574730307,-2.1885277149582207,-0.4089309079250075,-0.40594773977765,0.00042803593150076796
-1.5713841552878394,-3.8531559313012185,-1.762864490284458,-3.6375481655334214,-0.4090248530953743,-0.4082785189935252,0.0007800499165523637
-1.7213651906075214,-3.507787006518984,-1.5896730406874593,-2.9646695596946424,-0.4104401014574085,-0.4065721134739791,0.000408021114825621
-1.66949341077778,-3.6986635255275497,-1.5639115068091765,-2.037677803229035,-0.4097218443309522,-0.4083196290982347,0.0005146660146457146
-1.685606486999684,-3.6910990443723137,-1.5327046778519648,-2.901325835343287,-0.4097697789703553,-0.4067552910476445,0.000435318363946394
-1.507819703113636,-3.1931074058565296,-1.7041403228543546,-1.9695764280073451,-0.40792666718029585,-0.4094582631058599,0.0005925747536404105
-1.371510423839399,-2.5696099236230676,-1.9172654226520627,-3.4067542664388264,-0.4077722058941034,-0.4104969084549401,0.0006138701511457481
-1.6337207460446244,-3.345411049584611,-1.7685250156902461,-2.3698471776174843,-0.4077455945897599,-0.406454147230735,0.0004799059074126296
-1.5311956352647225,-2.5564616463217105,-1.0557340092870533,-1.2619124703481925,-0.4309265661629273,-0.43224482771854267,0.0015032328248756807
-1.809354181117441,-3.886774466551949,-1.2711790804574203,-2.641287523153212,-0.4127114893246125,-0.40895903208786155,0.0007015924231459904
-1.2864236528911683,-1.8706714619093527,-1.3351618380352888,-3.8726213217219523,-0.4268300936957991,-0.43176448095982145,0.0011807949196703123
